res_hall,remaining,total,num_picks
Caswell Hall,40,40,1
Olney House,15,15,1
Harkness House,22,22,1
Drop to 198,1,1,1
Marcy House,15,15,1
Goddard House,35,35,1
New Pembroke #3,10,10,1
Young Orchard #4,14,14,1
Drop to 305,1,1,1
Young Orchard #2,13,13,1
Hope College,12,12,1
Morriss Hall,3,4,1
New Pembroke #2,19,19,1
Champlin,7,7,1
No Show,39,41,1
Woolley,30,30,1
Grad Center C,18,18,1
Grad Center A,17,17,1
Drop to 408,1,1,1
Metcalf,45,45,1
Drop to 112,1,1,1
Plantations House,10,10,1
Grad Center B,18,18,1
Drop to 150,1,1,1
Drop to 288,1,1,1
Slater Hall,21,22,1
Drop to 588,1,1,1
Drop to 286,2,2,1
Sears House,25,25,1
Drop to 422,1,1,1
Jameson House,11,11,1
Chapin House,16,16,1
Gregorian Quad A,50,51,1
Drop to 602,1,1,1
Drop to 15,0,1,1
Gregorian Quad B,51,51,1
Barbour Hall,16,17,1
111 Brown Street,6,6,1
Minden,56,59,1
Bronson House,8,8,1
Drop to 535,1,1,1
New Pembroke #4,22,22,1
Archibald House,13,13,1
Drop to 640,1,1,1
Emery,14,15,1
Young Orchard #10,13,13,1
West Andrews,25,27,1
Poland House,18,18,1
Drop to 447,1,1,1
New Pembroke #1,17,17,1
Wayland House,14,16,1
Drop to 513,1,1,1
Drop to 372,1,1,1
Drop to 370,1,1,1
Everett House,6,6,1
Drop to 350,1,1,1
Grad Center D,19,19,1
Barbour Hall Apartments,29,29,1
Drop to 415,1,1,1
Hegeman,39,39,1
Drop to 223,1,1,1
Drop to 482,1,1,1
Diman House,28,28,1
East Andrews,31,32,1
Pass,54,54,1
Machado,10,10,1
Drop to 691,1,1,1
Mead House,8,8,1
Drop to 393,1,1,1
Drop to 354,1,1,1
Caswell Hall,40,40,2
Olney House,15,15,2
Harkness House,22,22,2
Drop to 198,1,1,2
Marcy House,15,15,2
Goddard House,35,35,2
New Pembroke #3,10,10,2
Young Orchard #4,14,14,2
Drop to 305,1,1,2
Young Orchard #2,13,13,2
Hope College,12,12,2
Morriss Hall,3,4,2
New Pembroke #2,19,19,2
Champlin,7,7,2
No Show,39,41,2
Woolley,30,30,2
Grad Center C,18,18,2
Grad Center A,17,17,2
Drop to 408,1,1,2
Metcalf,43,45,2
Drop to 112,1,1,2
Plantations House,9,10,2
Grad Center B,18,18,2
Drop to 150,1,1,2
Drop to 288,1,1,2
Slater Hall,19,22,2
Drop to 588,1,1,2
Drop to 286,2,2,2
Sears House,25,25,2
Drop to 422,1,1,2
Jameson House,11,11,2
Chapin House,16,16,2
Gregorian Quad A,48,51,2
Drop to 602,1,1,2
Drop to 15,0,1,2
Gregorian Quad B,49,51,2
Barbour Hall,15,17,2
111 Brown Street,6,6,2
Minden,50,59,2
Bronson House,8,8,2
Drop to 535,1,1,2
New Pembroke #4,22,22,2
Archibald House,13,13,2
Drop to 640,1,1,2
Emery,13,15,2
Young Orchard #10,13,13,2
West Andrews,24,27,2
Poland House,18,18,2
Drop to 447,1,1,2
New Pembroke #1,17,17,2
Wayland House,14,16,2
Drop to 513,1,1,2
Drop to 372,1,1,2
Drop to 370,1,1,2
Everett House,6,6,2
Drop to 350,1,1,2
Grad Center D,19,19,2
Barbour Hall Apartments,29,29,2
Drop to 415,1,1,2
Hegeman,39,39,2
Drop to 223,1,1,2
Drop to 482,1,1,2
Diman House,28,28,2
East Andrews,31,32,2
Pass,54,54,2
Machado,10,10,2
Drop to 691,1,1,2
Mead House,8,8,2
Drop to 393,1,1,2
Drop to 354,1,1,2
Caswell Hall,40,40,3
Olney House,15,15,3
Harkness House,22,22,3
Drop to 198,1,1,3
Marcy House,15,15,3
Goddard House,35,35,3
New Pembroke #3,10,10,3
Young Orchard #4,14,14,3
Drop to 305,1,1,3
Young Orchard #2,13,13,3
Hope College,12,12,3
Morriss Hall,3,4,3
New Pembroke #2,19,19,3
Champlin,7,7,3
No Show,39,41,3
Woolley,30,30,3
Grad Center C,18,18,3
Grad Center A,17,17,3
Drop to 408,1,1,3
Metcalf,38,45,3
Drop to 112,1,1,3
Plantations House,9,10,3
Grad Center B,18,18,3
Drop to 150,1,1,3
Drop to 288,1,1,3
Slater Hall,19,22,3
Drop to 588,1,1,3
Drop to 286,1,2,3
Sears House,25,25,3
Drop to 422,1,1,3
Jameson House,11,11,3
Chapin House,16,16,3
Gregorian Quad A,45,51,3
Drop to 602,1,1,3
Drop to 15,0,1,3
Gregorian Quad B,46,51,3
Barbour Hall,15,17,3
111 Brown Street,6,6,3
Minden,50,59,3
Bronson House,8,8,3
Drop to 535,1,1,3
New Pembroke #4,22,22,3
Archibald House,13,13,3
Drop to 640,1,1,3
Emery,12,15,3
Young Orchard #10,13,13,3
West Andrews,22,27,3
Poland House,18,18,3
Drop to 447,1,1,3
New Pembroke #1,17,17,3
Wayland House,13,16,3
Drop to 513,1,1,3
Drop to 372,1,1,3
Drop to 370,1,1,3
Everett House,6,6,3
Drop to 350,1,1,3
Grad Center D,19,19,3
Barbour Hall Apartments,29,29,3
Drop to 415,1,1,3
Hegeman,39,39,3
Drop to 223,1,1,3
Drop to 482,1,1,3
Diman House,28,28,3
East Andrews,30,32,3
Pass,54,54,3
Machado,10,10,3
Drop to 691,1,1,3
Mead House,8,8,3
Drop to 393,1,1,3
Drop to 354,1,1,3
Caswell Hall,40,40,4
Olney House,15,15,4
Harkness House,22,22,4
Drop to 198,1,1,4
Marcy House,15,15,4
Goddard House,35,35,4
New Pembroke #3,10,10,4
Young Orchard #4,14,14,4
Drop to 305,1,1,4
Young Orchard #2,13,13,4
Hope College,12,12,4
Morriss Hall,3,4,4
New Pembroke #2,19,19,4
Champlin,7,7,4
No Show,38,41,4
Woolley,30,30,4
Grad Center C,18,18,4
Grad Center A,17,17,4
Drop to 408,1,1,4
Metcalf,34,45,4
Drop to 112,1,1,4
Plantations House,8,10,4
Grad Center B,18,18,4
Drop to 150,1,1,4
Drop to 288,1,1,4
Slater Hall,17,22,4
Drop to 588,1,1,4
Drop to 286,1,2,4
Sears House,25,25,4
Drop to 422,1,1,4
Jameson House,11,11,4
Chapin House,16,16,4
Gregorian Quad A,41,51,4
Drop to 602,1,1,4
Drop to 15,0,1,4
Gregorian Quad B,40,51,4
Barbour Hall,15,17,4
111 Brown Street,6,6,4
Minden,50,59,4
Bronson House,8,8,4
Drop to 535,1,1,4
New Pembroke #4,22,22,4
Archibald House,13,13,4
Drop to 640,1,1,4
Emery,12,15,4
Young Orchard #10,13,13,4
West Andrews,22,27,4
Poland House,17,18,4
Drop to 447,1,1,4
New Pembroke #1,17,17,4
Wayland House,11,16,4
Drop to 513,1,1,4
Drop to 372,1,1,4
Drop to 370,1,1,4
Everett House,6,6,4
Drop to 350,1,1,4
Grad Center D,19,19,4
Barbour Hall Apartments,27,29,4
Drop to 415,1,1,4
Hegeman,39,39,4
Drop to 223,1,1,4
Drop to 482,1,1,4
Diman House,28,28,4
East Andrews,30,32,4
Pass,54,54,4
Machado,10,10,4
Drop to 691,1,1,4
Mead House,8,8,4
Drop to 393,1,1,4
Drop to 354,1,1,4
Caswell Hall,40,40,5
Olney House,15,15,5
Harkness House,22,22,5
Drop to 198,1,1,5
Marcy House,15,15,5
Goddard House,35,35,5
New Pembroke #3,10,10,5
Young Orchard #4,14,14,5
Drop to 305,1,1,5
Young Orchard #2,8,13,5
Hope College,12,12,5
Morriss Hall,3,4,5
New Pembroke #2,19,19,5
Champlin,7,7,5
No Show,38,41,5
Woolley,29,30,5
Grad Center C,18,18,5
Grad Center A,17,17,5
Drop to 408,1,1,5
Metcalf,34,45,5
Drop to 112,1,1,5
Plantations House,8,10,5
Grad Center B,18,18,5
Drop to 150,1,1,5
Drop to 288,1,1,5
Slater Hall,16,22,5
Drop to 588,1,1,5
Drop to 286,1,2,5
Sears House,25,25,5
Drop to 422,1,1,5
Jameson House,11,11,5
Chapin House,16,16,5
Gregorian Quad A,38,51,5
Drop to 602,1,1,5
Drop to 15,0,1,5
Gregorian Quad B,32,51,5
Barbour Hall,15,17,5
111 Brown Street,6,6,5
Minden,48,59,5
Bronson House,8,8,5
Drop to 535,1,1,5
New Pembroke #4,22,22,5
Archibald House,13,13,5
Drop to 640,1,1,5
Emery,12,15,5
Young Orchard #10,13,13,5
West Andrews,22,27,5
Poland House,17,18,5
Drop to 447,1,1,5
New Pembroke #1,17,17,5
Wayland House,10,16,5
Drop to 513,1,1,5
Drop to 372,1,1,5
Drop to 370,1,1,5
Everett House,6,6,5
Drop to 350,1,1,5
Grad Center D,19,19,5
Barbour Hall Apartments,27,29,5
Drop to 415,1,1,5
Hegeman,37,39,5
Drop to 223,1,1,5
Drop to 482,1,1,5
Diman House,28,28,5
East Andrews,30,32,5
Pass,54,54,5
Machado,10,10,5
Drop to 691,1,1,5
Mead House,8,8,5
Drop to 393,1,1,5
Drop to 354,1,1,5
Caswell Hall,40,40,6
Olney House,15,15,6
Harkness House,22,22,6
Drop to 198,1,1,6
Marcy House,15,15,6
Goddard House,35,35,6
New Pembroke #3,10,10,6
Young Orchard #4,14,14,6
Drop to 305,1,1,6
Young Orchard #2,7,13,6
Hope College,12,12,6
Morriss Hall,3,4,6
New Pembroke #2,19,19,6
Champlin,7,7,6
No Show,38,41,6
Woolley,29,30,6
Grad Center C,18,18,6
Grad Center A,17,17,6
Drop to 408,1,1,6
Metcalf,31,45,6
Drop to 112,1,1,6
Plantations House,8,10,6
Grad Center B,18,18,6
Drop to 150,1,1,6
Drop to 288,1,1,6
Slater Hall,16,22,6
Drop to 588,1,1,6
Drop to 286,1,2,6
Sears House,25,25,6
Drop to 422,1,1,6
Jameson House,11,11,6
Chapin House,16,16,6
Gregorian Quad A,34,51,6
Drop to 602,1,1,6
Drop to 15,0,1,6
Gregorian Quad B,31,51,6
Barbour Hall,15,17,6
111 Brown Street,6,6,6
Minden,48,59,6
Bronson House,8,8,6
Drop to 535,1,1,6
New Pembroke #4,22,22,6
Archibald House,13,13,6
Drop to 640,1,1,6
Emery,11,15,6
Young Orchard #10,12,13,6
West Andrews,19,27,6
Poland House,17,18,6
Drop to 447,1,1,6
New Pembroke #1,17,17,6
Wayland House,10,16,6
Drop to 513,1,1,6
Drop to 372,1,1,6
Drop to 370,1,1,6
Everett House,6,6,6
Drop to 350,1,1,6
Grad Center D,19,19,6
Barbour Hall Apartments,26,29,6
Drop to 415,1,1,6
Hegeman,36,39,6
Drop to 223,1,1,6
Drop to 482,1,1,6
Diman House,28,28,6
East Andrews,28,32,6
Pass,54,54,6
Machado,10,10,6
Drop to 691,1,1,6
Mead House,8,8,6
Drop to 393,1,1,6
Drop to 354,1,1,6
Caswell Hall,40,40,7
Olney House,15,15,7
Harkness House,22,22,7
Drop to 198,1,1,7
Marcy House,15,15,7
Goddard House,35,35,7
New Pembroke #3,10,10,7
Young Orchard #4,14,14,7
Drop to 305,1,1,7
Young Orchard #2,3,13,7
Hope College,12,12,7
Morriss Hall,3,4,7
New Pembroke #2,19,19,7
Champlin,7,7,7
No Show,38,41,7
Woolley,29,30,7
Grad Center C,18,18,7
Grad Center A,17,17,7
Drop to 408,1,1,7
Metcalf,28,45,7
Drop to 112,1,1,7
Plantations House,8,10,7
Grad Center B,18,18,7
Drop to 150,1,1,7
Drop to 288,1,1,7
Slater Hall,16,22,7
Drop to 588,1,1,7
Drop to 286,1,2,7
Sears House,24,25,7
Drop to 422,1,1,7
Jameson House,11,11,7
Chapin House,16,16,7
Gregorian Quad A,31,51,7
Drop to 602,1,1,7
Drop to 15,0,1,7
Gregorian Quad B,30,51,7
Barbour Hall,15,17,7
111 Brown Street,6,6,7
Minden,44,59,7
Bronson House,8,8,7
Drop to 535,1,1,7
New Pembroke #4,22,22,7
Archibald House,13,13,7
Drop to 640,1,1,7
Emery,6,15,7
Young Orchard #10,12,13,7
West Andrews,19,27,7
Poland House,17,18,7
Drop to 447,1,1,7
New Pembroke #1,17,17,7
Wayland House,10,16,7
Drop to 513,1,1,7
Drop to 372,1,1,7
Drop to 370,1,1,7
Everett House,6,6,7
Drop to 350,1,1,7
Grad Center D,19,19,7
Barbour Hall Apartments,26,29,7
Drop to 415,1,1,7
Hegeman,36,39,7
Drop to 223,1,1,7
Drop to 482,1,1,7
Diman House,28,28,7
East Andrews,26,32,7
Pass,54,54,7
Machado,10,10,7
Drop to 691,1,1,7
Mead House,8,8,7
Drop to 393,1,1,7
Drop to 354,1,1,7
Caswell Hall,40,40,7
Olney House,15,15,7
Harkness House,22,22,7
Drop to 198,1,1,7
Marcy House,15,15,7
Goddard House,35,35,7
New Pembroke #3,10,10,7
Young Orchard #4,14,14,7
Drop to 305,1,1,7
Young Orchard #2,3,13,7
Hope College,12,12,7
Morriss Hall,3,4,7
New Pembroke #2,19,19,7
Champlin,7,7,7
No Show,38,41,7
Woolley,29,30,7
Grad Center C,18,18,7
Grad Center A,17,17,7
Drop to 408,1,1,7
Metcalf,28,45,7
Drop to 112,1,1,7
Plantations House,8,10,7
Grad Center B,18,18,7
Drop to 150,1,1,7
Drop to 288,1,1,7
Slater Hall,16,22,7
Drop to 588,1,1,7
Drop to 286,1,2,7
Sears House,24,25,7
Drop to 422,1,1,7
Jameson House,11,11,7
Chapin House,16,16,7
Gregorian Quad A,31,51,7
Drop to 602,1,1,7
Drop to 15,0,1,7
Gregorian Quad B,30,51,7
Barbour Hall,15,17,7
111 Brown Street,6,6,7
Minden,44,59,7
Bronson House,8,8,7
Drop to 535,1,1,7
New Pembroke #4,22,22,7
Archibald House,13,13,7
Drop to 640,1,1,7
Emery,6,15,7
Young Orchard #10,12,13,7
West Andrews,19,27,7
Poland House,17,18,7
Drop to 447,1,1,7
New Pembroke #1,17,17,7
Wayland House,10,16,7
Drop to 513,1,1,7
Drop to 372,1,1,7
Drop to 370,1,1,7
Everett House,6,6,7
Drop to 350,1,1,7
Grad Center D,19,19,7
Barbour Hall Apartments,26,29,7
Drop to 415,1,1,7
Hegeman,36,39,7
Drop to 223,1,1,7
Drop to 482,1,1,7
Diman House,28,28,7
East Andrews,25,32,7
Pass,54,54,7
Machado,10,10,7
Drop to 691,1,1,7
Mead House,8,8,7
Drop to 393,1,1,7
Drop to 354,1,1,7
Caswell Hall,40,40,8
Olney House,15,15,8
Harkness House,22,22,8
Drop to 198,1,1,8
Marcy House,15,15,8
Goddard House,35,35,8
New Pembroke #3,10,10,8
Young Orchard #4,14,14,8
Drop to 305,1,1,8
Young Orchard #2,1,13,8
Hope College,12,12,8
Morriss Hall,3,4,8
New Pembroke #2,19,19,8
Champlin,7,7,8
No Show,34,41,8
Woolley,29,30,8
Grad Center C,18,18,8
Grad Center A,17,17,8
Drop to 408,1,1,8
Metcalf,27,45,8
Drop to 112,0,1,8
Plantations House,8,10,8
Grad Center B,18,18,8
Drop to 150,1,1,8
Drop to 288,1,1,8
Slater Hall,16,22,8
Drop to 588,1,1,8
Drop to 286,1,2,8
Sears House,24,25,8
Drop to 422,1,1,8
Jameson House,11,11,8
Chapin House,16,16,8
Gregorian Quad A,26,51,8
Drop to 602,1,1,8
Drop to 15,0,1,8
Gregorian Quad B,29,51,8
Barbour Hall,15,17,8
111 Brown Street,6,6,8
Minden,44,59,8
Bronson House,8,8,8
Drop to 535,1,1,8
New Pembroke #4,22,22,8
Archibald House,13,13,8
Drop to 640,1,1,8
Emery,6,15,8
Young Orchard #10,12,13,8
West Andrews,17,27,8
Poland House,17,18,8
Drop to 447,1,1,8
New Pembroke #1,17,17,8
Wayland House,10,16,8
Drop to 513,1,1,8
Drop to 372,1,1,8
Drop to 370,1,1,8
Everett House,6,6,8
Drop to 350,1,1,8
Grad Center D,19,19,8
Barbour Hall Apartments,26,29,8
Drop to 415,1,1,8
Hegeman,34,39,8
Drop to 223,1,1,8
Drop to 482,1,1,8
Diman House,28,28,8
East Andrews,25,32,8
Pass,54,54,8
Machado,10,10,8
Drop to 691,1,1,8
Mead House,8,8,8
Drop to 393,1,1,8
Drop to 354,1,1,8
Caswell Hall,40,40,9
Olney House,15,15,9
Harkness House,22,22,9
Drop to 198,1,1,9
Marcy House,14,15,9
Goddard House,34,35,9
New Pembroke #3,10,10,9
Young Orchard #4,11,14,9
Drop to 305,1,1,9
Young Orchard #2,1,13,9
Hope College,12,12,9
Morriss Hall,3,4,9
New Pembroke #2,19,19,9
Champlin,7,7,9
No Show,34,41,9
Woolley,29,30,9
Grad Center C,18,18,9
Grad Center A,17,17,9
Drop to 408,1,1,9
Metcalf,21,45,9
Drop to 112,0,1,9
Plantations House,8,10,9
Grad Center B,18,18,9
Drop to 150,1,1,9
Drop to 288,1,1,9
Slater Hall,16,22,9
Drop to 588,1,1,9
Drop to 286,1,2,9
Sears House,22,25,9
Drop to 422,1,1,9
Jameson House,11,11,9
Chapin House,16,16,9
Gregorian Quad A,25,51,9
Drop to 602,1,1,9
Drop to 15,0,1,9
Gregorian Quad B,28,51,9
Barbour Hall,15,17,9
111 Brown Street,6,6,9
Minden,44,59,9
Bronson House,8,8,9
Drop to 535,1,1,9
New Pembroke #4,22,22,9
Archibald House,13,13,9
Drop to 640,1,1,9
Emery,6,15,9
Young Orchard #10,12,13,9
West Andrews,14,27,9
Poland House,17,18,9
Drop to 447,1,1,9
New Pembroke #1,17,17,9
Wayland House,10,16,9
Drop to 513,1,1,9
Drop to 372,1,1,9
Drop to 370,1,1,9
Everett House,6,6,9
Drop to 350,1,1,9
Grad Center D,19,19,9
Barbour Hall Apartments,26,29,9
Drop to 415,1,1,9
Hegeman,34,39,9
Drop to 223,1,1,9
Drop to 482,1,1,9
Diman House,28,28,9
East Andrews,24,32,9
Pass,54,54,9
Machado,10,10,9
Drop to 691,1,1,9
Mead House,8,8,9
Drop to 393,1,1,9
Drop to 354,1,1,9
Caswell Hall,40,40,10
Olney House,15,15,10
Harkness House,22,22,10
Drop to 198,1,1,10
Marcy House,14,15,10
Goddard House,34,35,10
New Pembroke #3,10,10,10
Young Orchard #4,9,14,10
Drop to 305,1,1,10
Young Orchard #2,1,13,10
Hope College,12,12,10
Morriss Hall,3,4,10
New Pembroke #2,19,19,10
Champlin,7,7,10
No Show,33,41,10
Woolley,29,30,10
Grad Center C,18,18,10
Grad Center A,17,17,10
Drop to 408,1,1,10
Metcalf,20,45,10
Drop to 112,0,1,10
Plantations House,8,10,10
Grad Center B,18,18,10
Drop to 150,0,1,10
Drop to 288,1,1,10
Slater Hall,16,22,10
Drop to 588,1,1,10
Drop to 286,1,2,10
Sears House,22,25,10
Drop to 422,1,1,10
Jameson House,11,11,10
Chapin House,16,16,10
Gregorian Quad A,25,51,10
Drop to 602,1,1,10
Drop to 15,0,1,10
Gregorian Quad B,25,51,10
Barbour Hall,15,17,10
111 Brown Street,6,6,10
Minden,43,59,10
Bronson House,8,8,10
Drop to 535,1,1,10
New Pembroke #4,22,22,10
Archibald House,13,13,10
Drop to 640,1,1,10
Emery,6,15,10
Young Orchard #10,12,13,10
West Andrews,12,27,10
Poland House,17,18,10
Drop to 447,1,1,10
New Pembroke #1,17,17,10
Wayland House,10,16,10
Drop to 513,1,1,10
Drop to 372,1,1,10
Drop to 370,1,1,10
Everett House,6,6,10
Drop to 350,1,1,10
Grad Center D,19,19,10
Barbour Hall Apartments,26,29,10
Drop to 415,1,1,10
Hegeman,34,39,10
Drop to 223,1,1,10
Drop to 482,1,1,10
Diman House,28,28,10
East Andrews,19,32,10
Pass,54,54,10
Machado,10,10,10
Drop to 691,1,1,10
Mead House,8,8,10
Drop to 393,1,1,10
Drop to 354,1,1,10
Caswell Hall,40,40,10
Olney House,15,15,10
Harkness House,22,22,10
Drop to 198,1,1,10
Marcy House,14,15,10
Goddard House,34,35,10
New Pembroke #3,10,10,10
Young Orchard #4,9,14,10
Drop to 305,1,1,10
Young Orchard #2,1,13,10
Hope College,12,12,10
Morriss Hall,3,4,10
New Pembroke #2,19,19,10
Champlin,7,7,10
No Show,33,41,10
Woolley,29,30,10
Grad Center C,18,18,10
Grad Center A,17,17,10
Drop to 408,1,1,10
Metcalf,20,45,10
Drop to 112,0,1,10
Plantations House,8,10,10
Grad Center B,18,18,10
Drop to 150,0,1,10
Drop to 288,1,1,10
Slater Hall,16,22,10
Drop to 588,1,1,10
Drop to 286,1,2,10
Sears House,22,25,10
Drop to 422,1,1,10
Jameson House,11,11,10
Chapin House,16,16,10
Gregorian Quad A,25,51,10
Drop to 602,1,1,10
Drop to 15,0,1,10
Gregorian Quad B,25,51,10
Barbour Hall,15,17,10
111 Brown Street,6,6,10
Minden,43,59,10
Bronson House,8,8,10
Drop to 535,1,1,10
New Pembroke #4,22,22,10
Archibald House,13,13,10
Drop to 640,1,1,10
Emery,6,15,10
Young Orchard #10,12,13,10
West Andrews,11,27,10
Poland House,17,18,10
Drop to 447,1,1,10
New Pembroke #1,17,17,10
Wayland House,10,16,10
Drop to 513,1,1,10
Drop to 372,1,1,10
Drop to 370,1,1,10
Everett House,6,6,10
Drop to 350,1,1,10
Grad Center D,19,19,10
Barbour Hall Apartments,26,29,10
Drop to 415,1,1,10
Hegeman,34,39,10
Drop to 223,1,1,10
Drop to 482,1,1,10
Diman House,28,28,10
East Andrews,19,32,10
Pass,54,54,10
Machado,10,10,10
Drop to 691,1,1,10
Mead House,8,8,10
Drop to 393,1,1,10
Drop to 354,1,1,10
Caswell Hall,40,40,11
Olney House,15,15,11
Harkness House,22,22,11
Drop to 198,1,1,11
Marcy House,14,15,11
Goddard House,34,35,11
New Pembroke #3,10,10,11
Young Orchard #4,8,14,11
Drop to 305,1,1,11
Young Orchard #2,1,13,11
Hope College,11,12,11
Morriss Hall,3,4,11
New Pembroke #2,19,19,11
Champlin,7,7,11
No Show,31,41,11
Woolley,29,30,11
Grad Center C,18,18,11
Grad Center A,17,17,11
Drop to 408,1,1,11
Metcalf,18,45,11
Drop to 112,0,1,11
Plantations House,7,10,11
Grad Center B,18,18,11
Drop to 150,0,1,11
Drop to 288,1,1,11
Slater Hall,16,22,11
Drop to 588,1,1,11
Drop to 286,1,2,11
Sears House,20,25,11
Drop to 422,1,1,11
Jameson House,11,11,11
Chapin House,16,16,11
Gregorian Quad A,25,51,11
Drop to 602,1,1,11
Drop to 15,0,1,11
Gregorian Quad B,24,51,11
Barbour Hall,15,17,11
111 Brown Street,6,6,11
Minden,43,59,11
Bronson House,8,8,11
Drop to 535,1,1,11
New Pembroke #4,22,22,11
Archibald House,13,13,11
Drop to 640,1,1,11
Emery,6,15,11
Young Orchard #10,10,13,11
West Andrews,9,27,11
Poland House,17,18,11
Drop to 447,1,1,11
New Pembroke #1,17,17,11
Wayland House,10,16,11
Drop to 513,1,1,11
Drop to 372,1,1,11
Drop to 370,1,1,11
Everett House,6,6,11
Drop to 350,1,1,11
Grad Center D,19,19,11
Barbour Hall Apartments,26,29,11
Drop to 415,1,1,11
Hegeman,34,39,11
Drop to 223,1,1,11
Drop to 482,1,1,11
Diman House,28,28,11
East Andrews,18,32,11
Pass,54,54,11
Machado,10,10,11
Drop to 691,1,1,11
Mead House,8,8,11
Drop to 393,1,1,11
Drop to 354,1,1,11
Caswell Hall,40,40,12
Olney House,15,15,12
Harkness House,22,22,12
Drop to 198,1,1,12
Marcy House,14,15,12
Goddard House,30,35,12
New Pembroke #3,10,10,12
Young Orchard #4,8,14,12
Drop to 305,1,1,12
Young Orchard #2,1,13,12
Hope College,11,12,12
Morriss Hall,3,4,12
New Pembroke #2,19,19,12
Champlin,7,7,12
No Show,29,41,12
Woolley,28,30,12
Grad Center C,18,18,12
Grad Center A,17,17,12
Drop to 408,1,1,12
Metcalf,15,45,12
Drop to 112,0,1,12
Plantations House,7,10,12
Grad Center B,18,18,12
Drop to 150,0,1,12
Drop to 288,1,1,12
Slater Hall,16,22,12
Drop to 588,1,1,12
Drop to 286,1,2,12
Sears House,20,25,12
Drop to 422,1,1,12
Jameson House,11,11,12
Chapin House,16,16,12
Gregorian Quad A,25,51,12
Drop to 602,1,1,12
Drop to 15,0,1,12
Gregorian Quad B,24,51,12
Barbour Hall,15,17,12
111 Brown Street,6,6,12
Minden,43,59,12
Bronson House,8,8,12
Drop to 535,1,1,12
New Pembroke #4,22,22,12
Archibald House,13,13,12
Drop to 640,1,1,12
Emery,6,15,12
Young Orchard #10,9,13,12
West Andrews,7,27,12
Poland House,16,18,12
Drop to 447,1,1,12
New Pembroke #1,17,17,12
Wayland House,10,16,12
Drop to 513,1,1,12
Drop to 372,1,1,12
Drop to 370,1,1,12
Everett House,6,6,12
Drop to 350,1,1,12
Grad Center D,19,19,12
Barbour Hall Apartments,26,29,12
Drop to 415,1,1,12
Hegeman,34,39,12
Drop to 223,1,1,12
Drop to 482,1,1,12
Diman House,28,28,12
East Andrews,16,32,12
Pass,54,54,12
Machado,10,10,12
Drop to 691,1,1,12
Mead House,8,8,12
Drop to 393,1,1,12
Drop to 354,1,1,12
Caswell Hall,40,40,12
Olney House,15,15,12
Harkness House,22,22,12
Drop to 198,1,1,12
Marcy House,14,15,12
Goddard House,30,35,12
New Pembroke #3,10,10,12
Young Orchard #4,8,14,12
Drop to 305,1,1,12
Young Orchard #2,1,13,12
Hope College,11,12,12
Morriss Hall,3,4,12
New Pembroke #2,19,19,12
Champlin,7,7,12
No Show,29,41,12
Woolley,28,30,12
Grad Center C,18,18,12
Grad Center A,17,17,12
Drop to 408,1,1,12
Metcalf,15,45,12
Drop to 112,0,1,12
Plantations House,7,10,12
Grad Center B,18,18,12
Drop to 150,0,1,12
Drop to 288,1,1,12
Slater Hall,16,22,12
Drop to 588,1,1,12
Drop to 286,1,2,12
Sears House,20,25,12
Drop to 422,1,1,12
Jameson House,11,11,12
Chapin House,16,16,12
Gregorian Quad A,25,51,12
Drop to 602,1,1,12
Drop to 15,0,1,12
Gregorian Quad B,24,51,12
Barbour Hall,15,17,12
111 Brown Street,6,6,12
Minden,43,59,12
Bronson House,8,8,12
Drop to 535,1,1,12
New Pembroke #4,22,22,12
Archibald House,13,13,12
Drop to 640,1,1,12
Emery,6,15,12
Young Orchard #10,8,13,12
West Andrews,7,27,12
Poland House,16,18,12
Drop to 447,1,1,12
New Pembroke #1,17,17,12
Wayland House,10,16,12
Drop to 513,1,1,12
Drop to 372,1,1,12
Drop to 370,1,1,12
Everett House,6,6,12
Drop to 350,1,1,12
Grad Center D,19,19,12
Barbour Hall Apartments,26,29,12
Drop to 415,1,1,12
Hegeman,34,39,12
Drop to 223,1,1,12
Drop to 482,1,1,12
Diman House,28,28,12
East Andrews,16,32,12
Pass,54,54,12
Machado,10,10,12
Drop to 691,1,1,12
Mead House,8,8,12
Drop to 393,1,1,12
Drop to 354,1,1,12
Caswell Hall,40,40,12
Olney House,15,15,12
Harkness House,22,22,12
Drop to 198,1,1,12
Marcy House,14,15,12
Goddard House,30,35,12
New Pembroke #3,10,10,12
Young Orchard #4,8,14,12
Drop to 305,1,1,12
Young Orchard #2,1,13,12
Hope College,11,12,12
Morriss Hall,3,4,12
New Pembroke #2,19,19,12
Champlin,7,7,12
No Show,29,41,12
Woolley,28,30,12
Grad Center C,18,18,12
Grad Center A,17,17,12
Drop to 408,1,1,12
Metcalf,15,45,12
Drop to 112,0,1,12
Plantations House,7,10,12
Grad Center B,18,18,12
Drop to 150,0,1,12
Drop to 288,1,1,12
Slater Hall,16,22,12
Drop to 588,1,1,12
Drop to 286,1,2,12
Sears House,20,25,12
Drop to 422,1,1,12
Jameson House,11,11,12
Chapin House,16,16,12
Gregorian Quad A,25,51,12
Drop to 602,1,1,12
Drop to 15,0,1,12
Gregorian Quad B,24,51,12
Barbour Hall,15,17,12
111 Brown Street,6,6,12
Minden,43,59,12
Bronson House,8,8,12
Drop to 535,1,1,12
New Pembroke #4,22,22,12
Archibald House,13,13,12
Drop to 640,1,1,12
Emery,6,15,12
Young Orchard #10,7,13,12
West Andrews,7,27,12
Poland House,16,18,12
Drop to 447,1,1,12
New Pembroke #1,17,17,12
Wayland House,10,16,12
Drop to 513,1,1,12
Drop to 372,1,1,12
Drop to 370,1,1,12
Everett House,6,6,12
Drop to 350,1,1,12
Grad Center D,19,19,12
Barbour Hall Apartments,26,29,12
Drop to 415,1,1,12
Hegeman,34,39,12
Drop to 223,1,1,12
Drop to 482,1,1,12
Diman House,28,28,12
East Andrews,16,32,12
Pass,54,54,12
Machado,10,10,12
Drop to 691,1,1,12
Mead House,8,8,12
Drop to 393,1,1,12
Drop to 354,1,1,12
Caswell Hall,40,40,13
Olney House,15,15,13
Harkness House,22,22,13
Drop to 198,1,1,13
Marcy House,14,15,13
Goddard House,30,35,13
New Pembroke #3,9,10,13
Young Orchard #4,6,14,13
Drop to 305,1,1,13
Young Orchard #2,1,13,13
Hope College,11,12,13
Morriss Hall,3,4,13
New Pembroke #2,19,19,13
Champlin,7,7,13
No Show,29,41,13
Woolley,28,30,13
Grad Center C,18,18,13
Grad Center A,17,17,13
Drop to 408,1,1,13
Metcalf,13,45,13
Drop to 112,0,1,13
Plantations House,7,10,13
Grad Center B,18,18,13
Drop to 150,0,1,13
Drop to 288,1,1,13
Slater Hall,16,22,13
Drop to 588,1,1,13
Drop to 286,1,2,13
Sears House,20,25,13
Drop to 422,1,1,13
Jameson House,11,11,13
Chapin House,16,16,13
Gregorian Quad A,24,51,13
Drop to 602,1,1,13
Drop to 15,0,1,13
Gregorian Quad B,21,51,13
Barbour Hall,15,17,13
111 Brown Street,6,6,13
Minden,43,59,13
Bronson House,8,8,13
Drop to 535,1,1,13
New Pembroke #4,22,22,13
Archibald House,13,13,13
Drop to 640,1,1,13
Emery,6,15,13
Young Orchard #10,5,13,13
West Andrews,7,27,13
Poland House,16,18,13
Drop to 447,1,1,13
New Pembroke #1,17,17,13
Wayland House,8,16,13
Drop to 513,1,1,13
Drop to 372,1,1,13
Drop to 370,1,1,13
Everett House,6,6,13
Drop to 350,1,1,13
Grad Center D,19,19,13
Barbour Hall Apartments,26,29,13
Drop to 415,1,1,13
Hegeman,34,39,13
Drop to 223,1,1,13
Drop to 482,1,1,13
Diman House,28,28,13
East Andrews,12,32,13
Pass,54,54,13
Machado,10,10,13
Drop to 691,1,1,13
Mead House,8,8,13
Drop to 393,1,1,13
Drop to 354,1,1,13
Caswell Hall,40,40,14
Olney House,15,15,14
Harkness House,21,22,14
Drop to 198,0,1,14
Marcy House,14,15,14
Goddard House,29,35,14
New Pembroke #3,9,10,14
Young Orchard #4,6,14,14
Drop to 305,1,1,14
Young Orchard #2,0,13,14
Hope College,11,12,14
Morriss Hall,3,4,14
New Pembroke #2,19,19,14
Champlin,7,7,14
No Show,28,41,14
Woolley,27,30,14
Grad Center C,18,18,14
Grad Center A,17,17,14
Drop to 408,1,1,14
Metcalf,13,45,14
Drop to 112,0,1,14
Plantations House,7,10,14
Grad Center B,18,18,14
Drop to 150,0,1,14
Drop to 288,1,1,14
Slater Hall,16,22,14
Drop to 588,1,1,14
Drop to 286,1,2,14
Sears House,20,25,14
Drop to 422,1,1,14
Jameson House,11,11,14
Chapin House,16,16,14
Gregorian Quad A,22,51,14
Drop to 602,1,1,14
Drop to 15,0,1,14
Gregorian Quad B,20,51,14
Barbour Hall,15,17,14
111 Brown Street,6,6,14
Minden,42,59,14
Bronson House,8,8,14
Drop to 535,1,1,14
New Pembroke #4,22,22,14
Archibald House,13,13,14
Drop to 640,1,1,14
Emery,6,15,14
Young Orchard #10,5,13,14
West Andrews,6,27,14
Poland House,14,18,14
Drop to 447,0,1,14
New Pembroke #1,17,17,14
Wayland House,8,16,14
Drop to 513,1,1,14
Drop to 372,1,1,14
Drop to 370,1,1,14
Everett House,5,6,14
Drop to 350,1,1,14
Grad Center D,19,19,14
Barbour Hall Apartments,26,29,14
Drop to 415,1,1,14
Hegeman,33,39,14
Drop to 223,1,1,14
Drop to 482,1,1,14
Diman House,28,28,14
East Andrews,11,32,14
Pass,54,54,14
Machado,10,10,14
Drop to 691,1,1,14
Mead House,8,8,14
Drop to 393,1,1,14
Drop to 354,1,1,14
Caswell Hall,40,40,15
Olney House,11,15,15
Harkness House,21,22,15
Drop to 198,0,1,15
Marcy House,14,15,15
Goddard House,28,35,15
New Pembroke #3,9,10,15
Young Orchard #4,6,14,15
Drop to 305,1,1,15
Young Orchard #2,0,13,15
Hope College,10,12,15
Morriss Hall,3,4,15
New Pembroke #2,19,19,15
Champlin,7,7,15
No Show,28,41,15
Woolley,27,30,15
Grad Center C,18,18,15
Grad Center A,17,17,15
Drop to 408,1,1,15
Metcalf,10,45,15
Drop to 112,0,1,15
Plantations House,7,10,15
Grad Center B,18,18,15
Drop to 150,0,1,15
Drop to 288,1,1,15
Slater Hall,16,22,15
Drop to 588,1,1,15
Drop to 286,1,2,15
Sears House,19,25,15
Drop to 422,1,1,15
Jameson House,11,11,15
Chapin House,14,16,15
Gregorian Quad A,20,51,15
Drop to 602,1,1,15
Drop to 15,0,1,15
Gregorian Quad B,20,51,15
Barbour Hall,15,17,15
111 Brown Street,6,6,15
Minden,42,59,15
Bronson House,8,8,15
Drop to 535,1,1,15
New Pembroke #4,22,22,15
Archibald House,13,13,15
Drop to 640,1,1,15
Emery,6,15,15
Young Orchard #10,4,13,15
West Andrews,6,27,15
Poland House,14,18,15
Drop to 447,0,1,15
New Pembroke #1,17,17,15
Wayland House,6,16,15
Drop to 513,1,1,15
Drop to 372,1,1,15
Drop to 370,1,1,15
Everett House,5,6,15
Drop to 350,1,1,15
Grad Center D,19,19,15
Barbour Hall Apartments,25,29,15
Drop to 415,1,1,15
Hegeman,32,39,15
Drop to 223,0,1,15
Drop to 482,1,1,15
Diman House,28,28,15
East Andrews,10,32,15
Pass,54,54,15
Machado,10,10,15
Drop to 691,1,1,15
Mead House,8,8,15
Drop to 393,1,1,15
Drop to 354,1,1,15
Caswell Hall,40,40,15
Olney House,11,15,15
Harkness House,21,22,15
Drop to 198,0,1,15
Marcy House,14,15,15
Goddard House,28,35,15
New Pembroke #3,9,10,15
Young Orchard #4,6,14,15
Drop to 305,1,1,15
Young Orchard #2,0,13,15
Hope College,10,12,15
Morriss Hall,3,4,15
New Pembroke #2,19,19,15
Champlin,7,7,15
No Show,28,41,15
Woolley,27,30,15
Grad Center C,18,18,15
Grad Center A,17,17,15
Drop to 408,1,1,15
Metcalf,9,45,15
Drop to 112,0,1,15
Plantations House,7,10,15
Grad Center B,18,18,15
Drop to 150,0,1,15
Drop to 288,1,1,15
Slater Hall,16,22,15
Drop to 588,1,1,15
Drop to 286,1,2,15
Sears House,19,25,15
Drop to 422,1,1,15
Jameson House,11,11,15
Chapin House,14,16,15
Gregorian Quad A,20,51,15
Drop to 602,1,1,15
Drop to 15,0,1,15
Gregorian Quad B,20,51,15
Barbour Hall,15,17,15
111 Brown Street,6,6,15
Minden,42,59,15
Bronson House,8,8,15
Drop to 535,1,1,15
New Pembroke #4,22,22,15
Archibald House,13,13,15
Drop to 640,1,1,15
Emery,6,15,15
Young Orchard #10,4,13,15
West Andrews,6,27,15
Poland House,14,18,15
Drop to 447,0,1,15
New Pembroke #1,17,17,15
Wayland House,6,16,15
Drop to 513,1,1,15
Drop to 372,1,1,15
Drop to 370,1,1,15
Everett House,5,6,15
Drop to 350,1,1,15
Grad Center D,19,19,15
Barbour Hall Apartments,25,29,15
Drop to 415,1,1,15
Hegeman,32,39,15
Drop to 223,0,1,15
Drop to 482,1,1,15
Diman House,28,28,15
East Andrews,10,32,15
Pass,54,54,15
Machado,10,10,15
Drop to 691,1,1,15
Mead House,8,8,15
Drop to 393,1,1,15
Drop to 354,1,1,15
Caswell Hall,40,40,16
Olney House,10,15,16
Harkness House,21,22,16
Drop to 198,0,1,16
Marcy House,14,15,16
Goddard House,28,35,16
New Pembroke #3,9,10,16
Young Orchard #4,5,14,16
Drop to 305,1,1,16
Young Orchard #2,0,13,16
Hope College,9,12,16
Morriss Hall,3,4,16
New Pembroke #2,19,19,16
Champlin,5,7,16
No Show,28,41,16
Woolley,27,30,16
Grad Center C,18,18,16
Grad Center A,17,17,16
Drop to 408,1,1,16
Metcalf,9,45,16
Drop to 112,0,1,16
Plantations House,7,10,16
Grad Center B,17,18,16
Drop to 150,0,1,16
Drop to 288,1,1,16
Slater Hall,16,22,16
Drop to 588,1,1,16
Drop to 286,1,2,16
Sears House,19,25,16
Drop to 422,1,1,16
Jameson House,11,11,16
Chapin House,14,16,16
Gregorian Quad A,16,51,16
Drop to 602,1,1,16
Drop to 15,0,1,16
Gregorian Quad B,18,51,16
Barbour Hall,15,17,16
111 Brown Street,6,6,16
Minden,42,59,16
Bronson House,8,8,16
Drop to 535,1,1,16
New Pembroke #4,22,22,16
Archibald House,13,13,16
Drop to 640,1,1,16
Emery,6,15,16
Young Orchard #10,4,13,16
West Andrews,4,27,16
Poland House,14,18,16
Drop to 447,0,1,16
New Pembroke #1,17,17,16
Wayland House,5,16,16
Drop to 513,1,1,16
Drop to 372,1,1,16
Drop to 370,1,1,16
Everett House,5,6,16
Drop to 350,1,1,16
Grad Center D,19,19,16
Barbour Hall Apartments,25,29,16
Drop to 415,1,1,16
Hegeman,29,39,16
Drop to 223,0,1,16
Drop to 482,1,1,16
Diman House,28,28,16
East Andrews,10,32,16
Pass,54,54,16
Machado,10,10,16
Drop to 691,1,1,16
Mead House,8,8,16
Drop to 393,1,1,16
Drop to 354,1,1,16
Caswell Hall,40,40,17
Olney House,10,15,17
Harkness House,21,22,17
Drop to 198,0,1,17
Marcy House,14,15,17
Goddard House,28,35,17
New Pembroke #3,9,10,17
Young Orchard #4,2,14,17
Drop to 305,1,1,17
Young Orchard #2,0,13,17
Hope College,8,12,17
Morriss Hall,3,4,17
New Pembroke #2,19,19,17
Champlin,5,7,17
No Show,27,41,17
Woolley,27,30,17
Grad Center C,18,18,17
Grad Center A,17,17,17
Drop to 408,1,1,17
Metcalf,8,45,17
Drop to 112,0,1,17
Plantations House,7,10,17
Grad Center B,17,18,17
Drop to 150,0,1,17
Drop to 288,0,1,17
Slater Hall,15,22,17
Drop to 588,1,1,17
Drop to 286,0,2,17
Sears House,19,25,17
Drop to 422,1,1,17
Jameson House,11,11,17
Chapin House,14,16,17
Gregorian Quad A,12,51,17
Drop to 602,1,1,17
Drop to 15,0,1,17
Gregorian Quad B,17,51,17
Barbour Hall,14,17,17
111 Brown Street,6,6,17
Minden,40,59,17
Bronson House,8,8,17
Drop to 535,1,1,17
New Pembroke #4,22,22,17
Archibald House,13,13,17
Drop to 640,1,1,17
Emery,6,15,17
Young Orchard #10,4,13,17
West Andrews,2,27,17
Poland House,14,18,17
Drop to 447,0,1,17
New Pembroke #1,17,17,17
Wayland House,4,16,17
Drop to 513,1,1,17
Drop to 372,1,1,17
Drop to 370,1,1,17
Everett House,5,6,17
Drop to 350,1,1,17
Grad Center D,19,19,17
Barbour Hall Apartments,25,29,17
Drop to 415,1,1,17
Hegeman,29,39,17
Drop to 223,0,1,17
Drop to 482,1,1,17
Diman House,28,28,17
East Andrews,10,32,17
Pass,54,54,17
Machado,10,10,17
Drop to 691,1,1,17
Mead House,8,8,17
Drop to 393,1,1,17
Drop to 354,1,1,17
Caswell Hall,40,40,18
Olney House,10,15,18
Harkness House,21,22,18
Drop to 198,0,1,18
Marcy House,14,15,18
Goddard House,28,35,18
New Pembroke #3,9,10,18
Young Orchard #4,1,14,18
Drop to 305,1,1,18
Young Orchard #2,0,13,18
Hope College,8,12,18
Morriss Hall,3,4,18
New Pembroke #2,19,19,18
Champlin,5,7,18
No Show,27,41,18
Woolley,27,30,18
Grad Center C,18,18,18
Grad Center A,17,17,18
Drop to 408,1,1,18
Metcalf,2,45,18
Drop to 112,0,1,18
Plantations House,6,10,18
Grad Center B,16,18,18
Drop to 150,0,1,18
Drop to 288,0,1,18
Slater Hall,14,22,18
Drop to 588,1,1,18
Drop to 286,0,2,18
Sears House,19,25,18
Drop to 422,1,1,18
Jameson House,11,11,18
Chapin House,14,16,18
Gregorian Quad A,10,51,18
Drop to 602,1,1,18
Drop to 15,0,1,18
Gregorian Quad B,16,51,18
Barbour Hall,13,17,18
111 Brown Street,6,6,18
Minden,40,59,18
Bronson House,8,8,18
Drop to 535,1,1,18
New Pembroke #4,22,22,18
Archibald House,13,13,18
Drop to 640,1,1,18
Emery,6,15,18
Young Orchard #10,2,13,18
West Andrews,2,27,18
Poland House,14,18,18
Drop to 447,0,1,18
New Pembroke #1,17,17,18
Wayland House,3,16,18
Drop to 513,1,1,18
Drop to 372,1,1,18
Drop to 370,1,1,18
Everett House,5,6,18
Drop to 350,1,1,18
Grad Center D,19,19,18
Barbour Hall Apartments,25,29,18
Drop to 415,1,1,18
Hegeman,26,39,18
Drop to 223,0,1,18
Drop to 482,1,1,18
Diman House,28,28,18
East Andrews,8,32,18
Pass,54,54,18
Machado,10,10,18
Drop to 691,1,1,18
Mead House,8,8,18
Drop to 393,1,1,18
Drop to 354,1,1,18
Caswell Hall,40,40,19
Olney House,10,15,19
Harkness House,21,22,19
Drop to 198,0,1,19
Marcy House,14,15,19
Goddard House,26,35,19
New Pembroke #3,9,10,19
Young Orchard #4,0,14,19
Drop to 305,1,1,19
Young Orchard #2,0,13,19
Hope College,8,12,19
Morriss Hall,3,4,19
New Pembroke #2,19,19,19
Champlin,4,7,19
No Show,27,41,19
Woolley,27,30,19
Grad Center C,18,18,19
Grad Center A,17,17,19
Drop to 408,1,1,19
Metcalf,0,45,19
Drop to 112,0,1,19
Plantations House,6,10,19
Grad Center B,16,18,19
Drop to 150,0,1,19
Drop to 288,0,1,19
Slater Hall,13,22,19
Drop to 588,1,1,19
Drop to 286,0,2,19
Sears House,19,25,19
Drop to 422,1,1,19
Jameson House,11,11,19
Chapin House,14,16,19
Gregorian Quad A,8,51,19
Drop to 602,1,1,19
Drop to 15,0,1,19
Gregorian Quad B,14,51,19
Barbour Hall,13,17,19
111 Brown Street,6,6,19
Minden,39,59,19
Bronson House,8,8,19
Drop to 535,1,1,19
New Pembroke #4,22,22,19
Archibald House,13,13,19
Drop to 640,1,1,19
Emery,6,15,19
Young Orchard #10,2,13,19
West Andrews,2,27,19
Poland House,14,18,19
Drop to 447,0,1,19
New Pembroke #1,17,17,19
Wayland House,2,16,19
Drop to 513,1,1,19
Drop to 372,1,1,19
Drop to 370,1,1,19
Everett House,5,6,19
Drop to 350,1,1,19
Grad Center D,19,19,19
Barbour Hall Apartments,24,29,19
Drop to 415,1,1,19
Hegeman,23,39,19
Drop to 223,0,1,19
Drop to 482,1,1,19
Diman House,28,28,19
East Andrews,5,32,19
Pass,54,54,19
Machado,10,10,19
Drop to 691,1,1,19
Mead House,8,8,19
Drop to 393,1,1,19
Drop to 354,1,1,19
Caswell Hall,40,40,19
Olney House,10,15,19
Harkness House,21,22,19
Drop to 198,0,1,19
Marcy House,14,15,19
Goddard House,26,35,19
New Pembroke #3,9,10,19
Young Orchard #4,0,14,19
Drop to 305,1,1,19
Young Orchard #2,0,13,19
Hope College,8,12,19
Morriss Hall,3,4,19
New Pembroke #2,19,19,19
Champlin,3,7,19
No Show,27,41,19
Woolley,27,30,19
Grad Center C,18,18,19
Grad Center A,17,17,19
Drop to 408,1,1,19
Metcalf,0,45,19
Drop to 112,0,1,19
Plantations House,6,10,19
Grad Center B,16,18,19
Drop to 150,0,1,19
Drop to 288,0,1,19
Slater Hall,13,22,19
Drop to 588,1,1,19
Drop to 286,0,2,19
Sears House,19,25,19
Drop to 422,1,1,19
Jameson House,11,11,19
Chapin House,14,16,19
Gregorian Quad A,8,51,19
Drop to 602,1,1,19
Drop to 15,0,1,19
Gregorian Quad B,14,51,19
Barbour Hall,13,17,19
111 Brown Street,6,6,19
Minden,39,59,19
Bronson House,8,8,19
Drop to 535,1,1,19
New Pembroke #4,22,22,19
Archibald House,13,13,19
Drop to 640,1,1,19
Emery,6,15,19
Young Orchard #10,2,13,19
West Andrews,2,27,19
Poland House,14,18,19
Drop to 447,0,1,19
New Pembroke #1,17,17,19
Wayland House,2,16,19
Drop to 513,1,1,19
Drop to 372,1,1,19
Drop to 370,1,1,19
Everett House,5,6,19
Drop to 350,1,1,19
Grad Center D,19,19,19
Barbour Hall Apartments,24,29,19
Drop to 415,1,1,19
Hegeman,23,39,19
Drop to 223,0,1,19
Drop to 482,1,1,19
Diman House,28,28,19
East Andrews,5,32,19
Pass,54,54,19
Machado,10,10,19
Drop to 691,1,1,19
Mead House,8,8,19
Drop to 393,1,1,19
Drop to 354,1,1,19
Caswell Hall,40,40,20
Olney House,10,15,20
Harkness House,21,22,20
Drop to 198,0,1,20
Marcy House,14,15,20
Goddard House,23,35,20
New Pembroke #3,9,10,20
Young Orchard #4,0,14,20
Drop to 305,0,1,20
Young Orchard #2,0,13,20
Hope College,6,12,20
Morriss Hall,3,4,20
New Pembroke #2,19,19,20
Champlin,3,7,20
No Show,27,41,20
Woolley,25,30,20
Grad Center C,18,18,20
Grad Center A,17,17,20
Drop to 408,1,1,20
Metcalf,0,45,20
Drop to 112,0,1,20
Plantations House,6,10,20
Grad Center B,16,18,20
Drop to 150,0,1,20
Drop to 288,0,1,20
Slater Hall,13,22,20
Drop to 588,1,1,20
Drop to 286,0,2,20
Sears House,19,25,20
Drop to 422,1,1,20
Jameson House,11,11,20
Chapin House,14,16,20
Gregorian Quad A,5,51,20
Drop to 602,1,1,20
Drop to 15,0,1,20
Gregorian Quad B,7,51,20
Barbour Hall,13,17,20
111 Brown Street,6,6,20
Minden,39,59,20
Bronson House,8,8,20
Drop to 535,1,1,20
New Pembroke #4,22,22,20
Archibald House,13,13,20
Drop to 640,1,1,20
Emery,6,15,20
Young Orchard #10,0,13,20
West Andrews,2,27,20
Poland House,14,18,20
Drop to 447,0,1,20
New Pembroke #1,17,17,20
Wayland House,2,16,20
Drop to 513,1,1,20
Drop to 372,1,1,20
Drop to 370,1,1,20
Everett House,5,6,20
Drop to 350,1,1,20
Grad Center D,19,19,20
Barbour Hall Apartments,23,29,20
Drop to 415,1,1,20
Hegeman,14,39,20
Drop to 223,0,1,20
Drop to 482,1,1,20
Diman House,28,28,20
East Andrews,5,32,20
Pass,54,54,20
Machado,9,10,20
Drop to 691,1,1,20
Mead House,8,8,20
Drop to 393,1,1,20
Drop to 354,1,1,20
Caswell Hall,40,40,21
Olney House,10,15,21
Harkness House,21,22,21
Drop to 198,0,1,21
Marcy House,14,15,21
Goddard House,19,35,21
New Pembroke #3,9,10,21
Young Orchard #4,0,14,21
Drop to 305,0,1,21
Young Orchard #2,0,13,21
Hope College,6,12,21
Morriss Hall,3,4,21
New Pembroke #2,19,19,21
Champlin,3,7,21
No Show,27,41,21
Woolley,25,30,21
Grad Center C,17,18,21
Grad Center A,16,17,21
Drop to 408,1,1,21
Metcalf,0,45,21
Drop to 112,0,1,21
Plantations House,6,10,21
Grad Center B,16,18,21
Drop to 150,0,1,21
Drop to 288,0,1,21
Slater Hall,13,22,21
Drop to 588,1,1,21
Drop to 286,0,2,21
Sears House,18,25,21
Drop to 422,1,1,21
Jameson House,11,11,21
Chapin House,14,16,21
Gregorian Quad A,2,51,21
Drop to 602,1,1,21
Drop to 15,0,1,21
Gregorian Quad B,4,51,21
Barbour Hall,12,17,21
111 Brown Street,6,6,21
Minden,39,59,21
Bronson House,8,8,21
Drop to 535,1,1,21
New Pembroke #4,22,22,21
Archibald House,13,13,21
Drop to 640,1,1,21
Emery,6,15,21
Young Orchard #10,0,13,21
West Andrews,2,27,21
Poland House,14,18,21
Drop to 447,0,1,21
New Pembroke #1,17,17,21
Wayland House,2,16,21
Drop to 513,1,1,21
Drop to 372,1,1,21
Drop to 370,1,1,21
Everett House,5,6,21
Drop to 350,1,1,21
Grad Center D,19,19,21
Barbour Hall Apartments,22,29,21
Drop to 415,1,1,21
Hegeman,8,39,21
Drop to 223,0,1,21
Drop to 482,1,1,21
Diman House,28,28,21
East Andrews,5,32,21
Pass,54,54,21
Machado,9,10,21
Drop to 691,1,1,21
Mead House,8,8,21
Drop to 393,1,1,21
Drop to 354,1,1,21
Caswell Hall,40,40,21
Olney House,10,15,21
Harkness House,21,22,21
Drop to 198,0,1,21
Marcy House,14,15,21
Goddard House,19,35,21
New Pembroke #3,9,10,21
Young Orchard #4,0,14,21
Drop to 305,0,1,21
Young Orchard #2,0,13,21
Hope College,6,12,21
Morriss Hall,3,4,21
New Pembroke #2,19,19,21
Champlin,3,7,21
No Show,27,41,21
Woolley,25,30,21
Grad Center C,17,18,21
Grad Center A,16,17,21
Drop to 408,1,1,21
Metcalf,0,45,21
Drop to 112,0,1,21
Plantations House,6,10,21
Grad Center B,16,18,21
Drop to 150,0,1,21
Drop to 288,0,1,21
Slater Hall,13,22,21
Drop to 588,1,1,21
Drop to 286,0,2,21
Sears House,18,25,21
Drop to 422,1,1,21
Jameson House,11,11,21
Chapin House,14,16,21
Gregorian Quad A,2,51,21
Drop to 602,1,1,21
Drop to 15,0,1,21
Gregorian Quad B,4,51,21
Barbour Hall,12,17,21
111 Brown Street,6,6,21
Minden,39,59,21
Bronson House,8,8,21
Drop to 535,1,1,21
New Pembroke #4,22,22,21
Archibald House,13,13,21
Drop to 640,1,1,21
Emery,6,15,21
Young Orchard #10,0,13,21
West Andrews,2,27,21
Poland House,14,18,21
Drop to 447,0,1,21
New Pembroke #1,17,17,21
Wayland House,2,16,21
Drop to 513,1,1,21
Drop to 372,1,1,21
Drop to 370,1,1,21
Everett House,5,6,21
Drop to 350,1,1,21
Grad Center D,19,19,21
Barbour Hall Apartments,22,29,21
Drop to 415,1,1,21
Hegeman,7,39,21
Drop to 223,0,1,21
Drop to 482,1,1,21
Diman House,28,28,21
East Andrews,5,32,21
Pass,54,54,21
Machado,9,10,21
Drop to 691,1,1,21
Mead House,8,8,21
Drop to 393,1,1,21
Drop to 354,1,1,21
Caswell Hall,40,40,22
Olney House,10,15,22
Harkness House,21,22,22
Drop to 198,0,1,22
Marcy House,14,15,22
Goddard House,18,35,22
New Pembroke #3,9,10,22
Young Orchard #4,0,14,22
Drop to 305,0,1,22
Young Orchard #2,0,13,22
Hope College,5,12,22
Morriss Hall,3,4,22
New Pembroke #2,19,19,22
Champlin,3,7,22
No Show,26,41,22
Woolley,16,30,22
Grad Center C,16,18,22
Grad Center A,16,17,22
Drop to 408,1,1,22
Metcalf,0,45,22
Drop to 112,0,1,22
Plantations House,6,10,22
Grad Center B,16,18,22
Drop to 150,0,1,22
Drop to 288,0,1,22
Slater Hall,11,22,22
Drop to 588,1,1,22
Drop to 286,0,2,22
Sears House,18,25,22
Drop to 422,1,1,22
Jameson House,11,11,22
Chapin House,14,16,22
Gregorian Quad A,2,51,22
Drop to 602,1,1,22
Drop to 15,0,1,22
Gregorian Quad B,4,51,22
Barbour Hall,12,17,22
111 Brown Street,6,6,22
Minden,32,59,22
Bronson House,8,8,22
Drop to 535,1,1,22
New Pembroke #4,21,22,22
Archibald House,13,13,22
Drop to 640,1,1,22
Emery,2,15,22
Young Orchard #10,0,13,22
West Andrews,2,27,22
Poland House,14,18,22
Drop to 447,0,1,22
New Pembroke #1,17,17,22
Wayland House,2,16,22
Drop to 513,1,1,22
Drop to 372,1,1,22
Drop to 370,1,1,22
Everett House,5,6,22
Drop to 350,1,1,22
Grad Center D,19,19,22
Barbour Hall Apartments,21,29,22
Drop to 415,1,1,22
Hegeman,3,39,22
Drop to 223,0,1,22
Drop to 482,1,1,22
Diman House,28,28,22
East Andrews,5,32,22
Pass,54,54,22
Machado,9,10,22
Drop to 691,1,1,22
Mead House,8,8,22
Drop to 393,1,1,22
Drop to 354,1,1,22
Caswell Hall,40,40,22
Olney House,10,15,22
Harkness House,21,22,22
Drop to 198,0,1,22
Marcy House,14,15,22
Goddard House,18,35,22
New Pembroke #3,9,10,22
Young Orchard #4,0,14,22
Drop to 305,0,1,22
Young Orchard #2,0,13,22
Hope College,5,12,22
Morriss Hall,3,4,22
New Pembroke #2,19,19,22
Champlin,3,7,22
No Show,26,41,22
Woolley,16,30,22
Grad Center C,16,18,22
Grad Center A,16,17,22
Drop to 408,1,1,22
Metcalf,0,45,22
Drop to 112,0,1,22
Plantations House,6,10,22
Grad Center B,16,18,22
Drop to 150,0,1,22
Drop to 288,0,1,22
Slater Hall,11,22,22
Drop to 588,1,1,22
Drop to 286,0,2,22
Sears House,18,25,22
Drop to 422,1,1,22
Jameson House,11,11,22
Chapin House,14,16,22
Gregorian Quad A,2,51,22
Drop to 602,1,1,22
Drop to 15,0,1,22
Gregorian Quad B,4,51,22
Barbour Hall,12,17,22
111 Brown Street,6,6,22
Minden,31,59,22
Bronson House,8,8,22
Drop to 535,1,1,22
New Pembroke #4,21,22,22
Archibald House,13,13,22
Drop to 640,1,1,22
Emery,2,15,22
Young Orchard #10,0,13,22
West Andrews,2,27,22
Poland House,14,18,22
Drop to 447,0,1,22
New Pembroke #1,17,17,22
Wayland House,2,16,22
Drop to 513,1,1,22
Drop to 372,1,1,22
Drop to 370,1,1,22
Everett House,5,6,22
Drop to 350,1,1,22
Grad Center D,19,19,22
Barbour Hall Apartments,21,29,22
Drop to 415,1,1,22
Hegeman,3,39,22
Drop to 223,0,1,22
Drop to 482,1,1,22
Diman House,28,28,22
East Andrews,5,32,22
Pass,54,54,22
Machado,9,10,22
Drop to 691,1,1,22
Mead House,8,8,22
Drop to 393,1,1,22
Drop to 354,1,1,22
Caswell Hall,40,40,23
Olney House,10,15,23
Harkness House,21,22,23
Drop to 198,0,1,23
Marcy House,14,15,23
Goddard House,17,35,23
New Pembroke #3,9,10,23
Young Orchard #4,0,14,23
Drop to 305,0,1,23
Young Orchard #2,0,13,23
Hope College,1,12,23
Morriss Hall,3,4,23
New Pembroke #2,19,19,23
Champlin,3,7,23
No Show,26,41,23
Woolley,5,30,23
Grad Center C,15,18,23
Grad Center A,16,17,23
Drop to 408,1,1,23
Metcalf,0,45,23
Drop to 112,0,1,23
Plantations House,6,10,23
Grad Center B,16,18,23
Drop to 150,0,1,23
Drop to 288,0,1,23
Slater Hall,11,22,23
Drop to 588,1,1,23
Drop to 286,0,2,23
Sears House,17,25,23
Drop to 422,1,1,23
Jameson House,11,11,23
Chapin House,13,16,23
Gregorian Quad A,2,51,23
Drop to 602,1,1,23
Drop to 15,0,1,23
Gregorian Quad B,4,51,23
Barbour Hall,12,17,23
111 Brown Street,6,6,23
Minden,27,59,23
Bronson House,8,8,23
Drop to 535,1,1,23
New Pembroke #4,21,22,23
Archibald House,13,13,23
Drop to 640,1,1,23
Emery,0,15,23
Young Orchard #10,0,13,23
West Andrews,1,27,23
Poland House,13,18,23
Drop to 447,0,1,23
New Pembroke #1,17,17,23
Wayland House,2,16,23
Drop to 513,1,1,23
Drop to 372,1,1,23
Drop to 370,1,1,23
Everett House,5,6,23
Drop to 350,0,1,23
Grad Center D,19,19,23
Barbour Hall Apartments,20,29,23
Drop to 415,1,1,23
Hegeman,3,39,23
Drop to 223,0,1,23
Drop to 482,1,1,23
Diman House,28,28,23
East Andrews,5,32,23
Pass,54,54,23
Machado,8,10,23
Drop to 691,1,1,23
Mead House,8,8,23
Drop to 393,1,1,23
Drop to 354,0,1,23
Caswell Hall,40,40,23
Olney House,10,15,23
Harkness House,21,22,23
Drop to 198,0,1,23
Marcy House,14,15,23
Goddard House,17,35,23
New Pembroke #3,9,10,23
Young Orchard #4,0,14,23
Drop to 305,0,1,23
Young Orchard #2,0,13,23
Hope College,1,12,23
Morriss Hall,3,4,23
New Pembroke #2,19,19,23
Champlin,3,7,23
No Show,26,41,23
Woolley,5,30,23
Grad Center C,14,18,23
Grad Center A,16,17,23
Drop to 408,1,1,23
Metcalf,0,45,23
Drop to 112,0,1,23
Plantations House,6,10,23
Grad Center B,16,18,23
Drop to 150,0,1,23
Drop to 288,0,1,23
Slater Hall,11,22,23
Drop to 588,1,1,23
Drop to 286,0,2,23
Sears House,17,25,23
Drop to 422,1,1,23
Jameson House,11,11,23
Chapin House,13,16,23
Gregorian Quad A,2,51,23
Drop to 602,1,1,23
Drop to 15,0,1,23
Gregorian Quad B,4,51,23
Barbour Hall,12,17,23
111 Brown Street,6,6,23
Minden,27,59,23
Bronson House,8,8,23
Drop to 535,1,1,23
New Pembroke #4,21,22,23
Archibald House,13,13,23
Drop to 640,1,1,23
Emery,0,15,23
Young Orchard #10,0,13,23
West Andrews,1,27,23
Poland House,13,18,23
Drop to 447,0,1,23
New Pembroke #1,17,17,23
Wayland House,2,16,23
Drop to 513,1,1,23
Drop to 372,1,1,23
Drop to 370,1,1,23
Everett House,5,6,23
Drop to 350,0,1,23
Grad Center D,19,19,23
Barbour Hall Apartments,20,29,23
Drop to 415,1,1,23
Hegeman,3,39,23
Drop to 223,0,1,23
Drop to 482,1,1,23
Diman House,28,28,23
East Andrews,5,32,23
Pass,54,54,23
Machado,8,10,23
Drop to 691,1,1,23
Mead House,8,8,23
Drop to 393,1,1,23
Drop to 354,0,1,23
Caswell Hall,40,40,23
Olney House,10,15,23
Harkness House,21,22,23
Drop to 198,0,1,23
Marcy House,14,15,23
Goddard House,17,35,23
New Pembroke #3,9,10,23
Young Orchard #4,0,14,23
Drop to 305,0,1,23
Young Orchard #2,0,13,23
Hope College,1,12,23
Morriss Hall,3,4,23
New Pembroke #2,19,19,23
Champlin,3,7,23
No Show,26,41,23
Woolley,5,30,23
Grad Center C,14,18,23
Grad Center A,16,17,23
Drop to 408,1,1,23
Metcalf,0,45,23
Drop to 112,0,1,23
Plantations House,6,10,23
Grad Center B,16,18,23
Drop to 150,0,1,23
Drop to 288,0,1,23
Slater Hall,11,22,23
Drop to 588,1,1,23
Drop to 286,0,2,23
Sears House,17,25,23
Drop to 422,1,1,23
Jameson House,10,11,23
Chapin House,13,16,23
Gregorian Quad A,2,51,23
Drop to 602,1,1,23
Drop to 15,0,1,23
Gregorian Quad B,4,51,23
Barbour Hall,12,17,23
111 Brown Street,6,6,23
Minden,27,59,23
Bronson House,8,8,23
Drop to 535,1,1,23
New Pembroke #4,21,22,23
Archibald House,13,13,23
Drop to 640,1,1,23
Emery,0,15,23
Young Orchard #10,0,13,23
West Andrews,1,27,23
Poland House,13,18,23
Drop to 447,0,1,23
New Pembroke #1,17,17,23
Wayland House,2,16,23
Drop to 513,1,1,23
Drop to 372,1,1,23
Drop to 370,1,1,23
Everett House,5,6,23
Drop to 350,0,1,23
Grad Center D,19,19,23
Barbour Hall Apartments,20,29,23
Drop to 415,1,1,23
Hegeman,3,39,23
Drop to 223,0,1,23
Drop to 482,1,1,23
Diman House,28,28,23
East Andrews,5,32,23
Pass,54,54,23
Machado,8,10,23
Drop to 691,1,1,23
Mead House,8,8,23
Drop to 393,1,1,23
Drop to 354,0,1,23
Caswell Hall,40,40,24
Olney House,10,15,24
Harkness House,21,22,24
Drop to 198,0,1,24
Marcy House,13,15,24
Goddard House,11,35,24
New Pembroke #3,9,10,24
Young Orchard #4,0,14,24
Drop to 305,0,1,24
Young Orchard #2,0,13,24
Hope College,0,12,24
Morriss Hall,3,4,24
New Pembroke #2,19,19,24
Champlin,0,7,24
No Show,26,41,24
Woolley,3,30,24
Grad Center C,14,18,24
Grad Center A,14,17,24
Drop to 408,0,1,24
Metcalf,0,45,24
Drop to 112,0,1,24
Plantations House,6,10,24
Grad Center B,15,18,24
Drop to 150,0,1,24
Drop to 288,0,1,24
Slater Hall,10,22,24
Drop to 588,1,1,24
Drop to 286,0,2,24
Sears House,16,25,24
Drop to 422,1,1,24
Jameson House,10,11,24
Chapin House,13,16,24
Gregorian Quad A,2,51,24
Drop to 602,1,1,24
Drop to 15,0,1,24
Gregorian Quad B,4,51,24
Barbour Hall,12,17,24
111 Brown Street,6,6,24
Minden,24,59,24
Bronson House,8,8,24
Drop to 535,1,1,24
New Pembroke #4,21,22,24
Archibald House,13,13,24
Drop to 640,1,1,24
Emery,0,15,24
Young Orchard #10,0,13,24
West Andrews,1,27,24
Poland House,9,18,24
Drop to 447,0,1,24
New Pembroke #1,17,17,24
Wayland House,2,16,24
Drop to 513,1,1,24
Drop to 372,1,1,24
Drop to 370,1,1,24
Everett House,5,6,24
Drop to 350,0,1,24
Grad Center D,19,19,24
Barbour Hall Apartments,20,29,24
Drop to 415,1,1,24
Hegeman,3,39,24
Drop to 223,0,1,24
Drop to 482,1,1,24
Diman House,28,28,24
East Andrews,5,32,24
Pass,54,54,24
Machado,7,10,24
Drop to 691,1,1,24
Mead House,8,8,24
Drop to 393,1,1,24
Drop to 354,0,1,24
Caswell Hall,40,40,25
Olney House,9,15,25
Harkness House,21,22,25
Drop to 198,0,1,25
Marcy House,13,15,25
Goddard House,11,35,25
New Pembroke #3,9,10,25
Young Orchard #4,0,14,25
Drop to 305,0,1,25
Young Orchard #2,0,13,25
Hope College,0,12,25
Morriss Hall,2,4,25
New Pembroke #2,19,19,25
Champlin,0,7,25
No Show,25,41,25
Woolley,0,30,25
Grad Center C,12,18,25
Grad Center A,14,17,25
Drop to 408,0,1,25
Metcalf,0,45,25
Drop to 112,0,1,25
Plantations House,1,10,25
Grad Center B,15,18,25
Drop to 150,0,1,25
Drop to 288,0,1,25
Slater Hall,9,22,25
Drop to 588,1,1,25
Drop to 286,0,2,25
Sears House,16,25,25
Drop to 422,1,1,25
Jameson House,10,11,25
Chapin House,13,16,25
Gregorian Quad A,2,51,25
Drop to 602,1,1,25
Drop to 15,0,1,25
Gregorian Quad B,3,51,25
Barbour Hall,12,17,25
111 Brown Street,6,6,25
Minden,21,59,25
Bronson House,8,8,25
Drop to 535,1,1,25
New Pembroke #4,21,22,25
Archibald House,12,13,25
Drop to 640,1,1,25
Emery,0,15,25
Young Orchard #10,0,13,25
West Andrews,1,27,25
Poland House,8,18,25
Drop to 447,0,1,25
New Pembroke #1,17,17,25
Wayland House,1,16,25
Drop to 513,1,1,25
Drop to 372,0,1,25
Drop to 370,0,1,25
Everett House,5,6,25
Drop to 350,0,1,25
Grad Center D,19,19,25
Barbour Hall Apartments,17,29,25
Drop to 415,1,1,25
Hegeman,3,39,25
Drop to 223,0,1,25
Drop to 482,1,1,25
Diman House,28,28,25
East Andrews,5,32,25
Pass,54,54,25
Machado,7,10,25
Drop to 691,1,1,25
Mead House,8,8,25
Drop to 393,1,1,25
Drop to 354,0,1,25
Caswell Hall,40,40,25
Olney House,9,15,25
Harkness House,21,22,25
Drop to 198,0,1,25
Marcy House,13,15,25
Goddard House,11,35,25
New Pembroke #3,9,10,25
Young Orchard #4,0,14,25
Drop to 305,0,1,25
Young Orchard #2,0,13,25
Hope College,0,12,25
Morriss Hall,2,4,25
New Pembroke #2,19,19,25
Champlin,0,7,25
No Show,25,41,25
Woolley,0,30,25
Grad Center C,12,18,25
Grad Center A,14,17,25
Drop to 408,0,1,25
Metcalf,0,45,25
Drop to 112,0,1,25
Plantations House,1,10,25
Grad Center B,15,18,25
Drop to 150,0,1,25
Drop to 288,0,1,25
Slater Hall,9,22,25
Drop to 588,1,1,25
Drop to 286,0,2,25
Sears House,16,25,25
Drop to 422,1,1,25
Jameson House,10,11,25
Chapin House,13,16,25
Gregorian Quad A,2,51,25
Drop to 602,1,1,25
Drop to 15,0,1,25
Gregorian Quad B,2,51,25
Barbour Hall,12,17,25
111 Brown Street,6,6,25
Minden,21,59,25
Bronson House,8,8,25
Drop to 535,1,1,25
New Pembroke #4,21,22,25
Archibald House,12,13,25
Drop to 640,1,1,25
Emery,0,15,25
Young Orchard #10,0,13,25
West Andrews,1,27,25
Poland House,8,18,25
Drop to 447,0,1,25
New Pembroke #1,17,17,25
Wayland House,1,16,25
Drop to 513,1,1,25
Drop to 372,0,1,25
Drop to 370,0,1,25
Everett House,5,6,25
Drop to 350,0,1,25
Grad Center D,19,19,25
Barbour Hall Apartments,17,29,25
Drop to 415,1,1,25
Hegeman,3,39,25
Drop to 223,0,1,25
Drop to 482,1,1,25
Diman House,28,28,25
East Andrews,5,32,25
Pass,54,54,25
Machado,7,10,25
Drop to 691,1,1,25
Mead House,8,8,25
Drop to 393,1,1,25
Drop to 354,0,1,25
Caswell Hall,40,40,26
Olney House,7,15,26
Harkness House,21,22,26
Drop to 198,0,1,26
Marcy House,13,15,26
Goddard House,9,35,26
New Pembroke #3,8,10,26
Young Orchard #4,0,14,26
Drop to 305,0,1,26
Young Orchard #2,0,13,26
Hope College,0,12,26
Morriss Hall,1,4,26
New Pembroke #2,19,19,26
Champlin,0,7,26
No Show,25,41,26
Woolley,0,30,26
Grad Center C,12,18,26
Grad Center A,13,17,26
Drop to 408,0,1,26
Metcalf,0,45,26
Drop to 112,0,1,26
Plantations House,1,10,26
Grad Center B,15,18,26
Drop to 150,0,1,26
Drop to 288,0,1,26
Slater Hall,9,22,26
Drop to 588,1,1,26
Drop to 286,0,2,26
Sears House,16,25,26
Drop to 422,1,1,26
Jameson House,10,11,26
Chapin House,12,16,26
Gregorian Quad A,2,51,26
Drop to 602,1,1,26
Drop to 15,0,1,26
Gregorian Quad B,2,51,26
Barbour Hall,12,17,26
111 Brown Street,6,6,26
Minden,20,59,26
Bronson House,8,8,26
Drop to 535,1,1,26
New Pembroke #4,20,22,26
Archibald House,9,13,26
Drop to 640,1,1,26
Emery,0,15,26
Young Orchard #10,0,13,26
West Andrews,1,27,26
Poland House,8,18,26
Drop to 447,0,1,26
New Pembroke #1,17,17,26
Wayland House,1,16,26
Drop to 513,1,1,26
Drop to 372,0,1,26
Drop to 370,0,1,26
Everett House,5,6,26
Drop to 350,0,1,26
Grad Center D,19,19,26
Barbour Hall Apartments,14,29,26
Drop to 415,0,1,26
Hegeman,3,39,26
Drop to 223,0,1,26
Drop to 482,1,1,26
Diman House,28,28,26
East Andrews,5,32,26
Pass,54,54,26
Machado,6,10,26
Drop to 691,1,1,26
Mead House,8,8,26
Drop to 393,0,1,26
Drop to 354,0,1,26
Caswell Hall,40,40,27
Olney House,7,15,27
Harkness House,21,22,27
Drop to 198,0,1,27
Marcy House,13,15,27
Goddard House,9,35,27
New Pembroke #3,8,10,27
Young Orchard #4,0,14,27
Drop to 305,0,1,27
Young Orchard #2,0,13,27
Hope College,0,12,27
Morriss Hall,1,4,27
New Pembroke #2,17,19,27
Champlin,0,7,27
No Show,23,41,27
Woolley,0,30,27
Grad Center C,12,18,27
Grad Center A,12,17,27
Drop to 408,0,1,27
Metcalf,0,45,27
Drop to 112,0,1,27
Plantations House,1,10,27
Grad Center B,14,18,27
Drop to 150,0,1,27
Drop to 288,0,1,27
Slater Hall,7,22,27
Drop to 588,1,1,27
Drop to 286,0,2,27
Sears House,16,25,27
Drop to 422,1,1,27
Jameson House,10,11,27
Chapin House,10,16,27
Gregorian Quad A,2,51,27
Drop to 602,1,1,27
Drop to 15,0,1,27
Gregorian Quad B,2,51,27
Barbour Hall,11,17,27
111 Brown Street,6,6,27
Minden,19,59,27
Bronson House,8,8,27
Drop to 535,1,1,27
New Pembroke #4,19,22,27
Archibald House,8,13,27
Drop to 640,1,1,27
Emery,0,15,27
Young Orchard #10,0,13,27
West Andrews,1,27,27
Poland House,6,18,27
Drop to 447,0,1,27
New Pembroke #1,17,17,27
Wayland House,1,16,27
Drop to 513,1,1,27
Drop to 372,0,1,27
Drop to 370,0,1,27
Everett House,5,6,27
Drop to 350,0,1,27
Grad Center D,19,19,27
Barbour Hall Apartments,11,29,27
Drop to 415,0,1,27
Hegeman,3,39,27
Drop to 223,0,1,27
Drop to 482,1,1,27
Diman House,28,28,27
East Andrews,5,32,27
Pass,54,54,27
Machado,6,10,27
Drop to 691,1,1,27
Mead House,8,8,27
Drop to 393,0,1,27
Drop to 354,0,1,27
Caswell Hall,40,40,28
Olney House,7,15,28
Harkness House,21,22,28
Drop to 198,0,1,28
Marcy House,13,15,28
Goddard House,9,35,28
New Pembroke #3,8,10,28
Young Orchard #4,0,14,28
Drop to 305,0,1,28
Young Orchard #2,0,13,28
Hope College,0,12,28
Morriss Hall,1,4,28
New Pembroke #2,17,19,28
Champlin,0,7,28
No Show,21,41,28
Woolley,0,30,28
Grad Center C,10,18,28
Grad Center A,11,17,28
Drop to 408,0,1,28
Metcalf,0,45,28
Drop to 112,0,1,28
Plantations House,1,10,28
Grad Center B,14,18,28
Drop to 150,0,1,28
Drop to 288,0,1,28
Slater Hall,6,22,28
Drop to 588,1,1,28
Drop to 286,0,2,28
Sears House,16,25,28
Drop to 422,1,1,28
Jameson House,10,11,28
Chapin House,10,16,28
Gregorian Quad A,1,51,28
Drop to 602,1,1,28
Drop to 15,0,1,28
Gregorian Quad B,2,51,28
Barbour Hall,11,17,28
111 Brown Street,6,6,28
Minden,16,59,28
Bronson House,8,8,28
Drop to 535,1,1,28
New Pembroke #4,15,22,28
Archibald House,7,13,28
Drop to 640,1,1,28
Emery,0,15,28
Young Orchard #10,0,13,28
West Andrews,1,27,28
Poland House,6,18,28
Drop to 447,0,1,28
New Pembroke #1,17,17,28
Wayland House,0,16,28
Drop to 513,1,1,28
Drop to 372,0,1,28
Drop to 370,0,1,28
Everett House,5,6,28
Drop to 350,0,1,28
Grad Center D,19,19,28
Barbour Hall Apartments,11,29,28
Drop to 415,0,1,28
Hegeman,3,39,28
Drop to 223,0,1,28
Drop to 482,1,1,28
Diman House,28,28,28
East Andrews,5,32,28
Pass,54,54,28
Machado,6,10,28
Drop to 691,1,1,28
Mead House,8,8,28
Drop to 393,0,1,28
Drop to 354,0,1,28
Caswell Hall,40,40,29
Olney House,7,15,29
Harkness House,21,22,29
Drop to 198,0,1,29
Marcy House,13,15,29
Goddard House,9,35,29
New Pembroke #3,8,10,29
Young Orchard #4,0,14,29
Drop to 305,0,1,29
Young Orchard #2,0,13,29
Hope College,0,12,29
Morriss Hall,1,4,29
New Pembroke #2,16,19,29
Champlin,0,7,29
No Show,17,41,29
Woolley,0,30,29
Grad Center C,9,18,29
Grad Center A,11,17,29
Drop to 408,0,1,29
Metcalf,0,45,29
Drop to 112,0,1,29
Plantations House,1,10,29
Grad Center B,14,18,29
Drop to 150,0,1,29
Drop to 288,0,1,29
Slater Hall,6,22,29
Drop to 588,1,1,29
Drop to 286,0,2,29
Sears House,16,25,29
Drop to 422,0,1,29
Jameson House,9,11,29
Chapin House,9,16,29
Gregorian Quad A,1,51,29
Drop to 602,1,1,29
Drop to 15,0,1,29
Gregorian Quad B,2,51,29
Barbour Hall,10,17,29
111 Brown Street,6,6,29
Minden,16,59,29
Bronson House,8,8,29
Drop to 535,1,1,29
New Pembroke #4,11,22,29
Archibald House,6,13,29
Drop to 640,1,1,29
Emery,0,15,29
Young Orchard #10,0,13,29
West Andrews,1,27,29
Poland House,5,18,29
Drop to 447,0,1,29
New Pembroke #1,17,17,29
Wayland House,0,16,29
Drop to 513,1,1,29
Drop to 372,0,1,29
Drop to 370,0,1,29
Everett House,5,6,29
Drop to 350,0,1,29
Grad Center D,19,19,29
Barbour Hall Apartments,11,29,29
Drop to 415,0,1,29
Hegeman,3,39,29
Drop to 223,0,1,29
Drop to 482,1,1,29
Diman House,28,28,29
East Andrews,5,32,29
Pass,54,54,29
Machado,6,10,29
Drop to 691,1,1,29
Mead House,8,8,29
Drop to 393,0,1,29
Drop to 354,0,1,29
Caswell Hall,40,40,30
Olney House,6,15,30
Harkness House,21,22,30
Drop to 198,0,1,30
Marcy House,12,15,30
Goddard House,9,35,30
New Pembroke #3,8,10,30
Young Orchard #4,0,14,30
Drop to 305,0,1,30
Young Orchard #2,0,13,30
Hope College,0,12,30
Morriss Hall,1,4,30
New Pembroke #2,16,19,30
Champlin,0,7,30
No Show,16,41,30
Woolley,0,30,30
Grad Center C,9,18,30
Grad Center A,11,17,30
Drop to 408,0,1,30
Metcalf,0,45,30
Drop to 112,0,1,30
Plantations House,1,10,30
Grad Center B,14,18,30
Drop to 150,0,1,30
Drop to 288,0,1,30
Slater Hall,6,22,30
Drop to 588,1,1,30
Drop to 286,0,2,30
Sears House,16,25,30
Drop to 422,0,1,30
Jameson House,8,11,30
Chapin House,9,16,30
Gregorian Quad A,1,51,30
Drop to 602,1,1,30
Drop to 15,0,1,30
Gregorian Quad B,2,51,30
Barbour Hall,10,17,30
111 Brown Street,6,6,30
Minden,15,59,30
Bronson House,7,8,30
Drop to 535,1,1,30
New Pembroke #4,6,22,30
Archibald House,5,13,30
Drop to 640,1,1,30
Emery,0,15,30
Young Orchard #10,0,13,30
West Andrews,1,27,30
Poland House,3,18,30
Drop to 447,0,1,30
New Pembroke #1,17,17,30
Wayland House,0,16,30
Drop to 513,1,1,30
Drop to 372,0,1,30
Drop to 370,0,1,30
Everett House,5,6,30
Drop to 350,0,1,30
Grad Center D,19,19,30
Barbour Hall Apartments,11,29,30
Drop to 415,0,1,30
Hegeman,3,39,30
Drop to 223,0,1,30
Drop to 482,1,1,30
Diman House,26,28,30
East Andrews,5,32,30
Pass,54,54,30
Machado,5,10,30
Drop to 691,1,1,30
Mead House,6,8,30
Drop to 393,0,1,30
Drop to 354,0,1,30
Caswell Hall,40,40,31
Olney House,6,15,31
Harkness House,20,22,31
Drop to 198,0,1,31
Marcy House,12,15,31
Goddard House,9,35,31
New Pembroke #3,8,10,31
Young Orchard #4,0,14,31
Drop to 305,0,1,31
Young Orchard #2,0,13,31
Hope College,0,12,31
Morriss Hall,1,4,31
New Pembroke #2,15,19,31
Champlin,0,7,31
No Show,13,41,31
Woolley,0,30,31
Grad Center C,8,18,31
Grad Center A,11,17,31
Drop to 408,0,1,31
Metcalf,0,45,31
Drop to 112,0,1,31
Plantations House,1,10,31
Grad Center B,14,18,31
Drop to 150,0,1,31
Drop to 288,0,1,31
Slater Hall,6,22,31
Drop to 588,0,1,31
Drop to 286,0,2,31
Sears House,16,25,31
Drop to 422,0,1,31
Jameson House,8,11,31
Chapin House,9,16,31
Gregorian Quad A,1,51,31
Drop to 602,1,1,31
Drop to 15,0,1,31
Gregorian Quad B,2,51,31
Barbour Hall,10,17,31
111 Brown Street,6,6,31
Minden,15,59,31
Bronson House,7,8,31
Drop to 535,1,1,31
New Pembroke #4,6,22,31
Archibald House,4,13,31
Drop to 640,1,1,31
Emery,0,15,31
Young Orchard #10,0,13,31
West Andrews,1,27,31
Poland House,2,18,31
Drop to 447,0,1,31
New Pembroke #1,16,17,31
Wayland House,0,16,31
Drop to 513,1,1,31
Drop to 372,0,1,31
Drop to 370,0,1,31
Everett House,5,6,31
Drop to 350,0,1,31
Grad Center D,19,19,31
Barbour Hall Apartments,11,29,31
Drop to 415,0,1,31
Hegeman,3,39,31
Drop to 223,0,1,31
Drop to 482,1,1,31
Diman House,23,28,31
East Andrews,5,32,31
Pass,54,54,31
Machado,4,10,31
Drop to 691,1,1,31
Mead House,4,8,31
Drop to 393,0,1,31
Drop to 354,0,1,31
Caswell Hall,34,40,32
Olney House,6,15,32
Harkness House,18,22,32
Drop to 198,0,1,32
Marcy House,12,15,32
Goddard House,8,35,32
New Pembroke #3,8,10,32
Young Orchard #4,0,14,32
Drop to 305,0,1,32
Young Orchard #2,0,13,32
Hope College,0,12,32
Morriss Hall,1,4,32
New Pembroke #2,14,19,32
Champlin,0,7,32
No Show,13,41,32
Woolley,0,30,32
Grad Center C,8,18,32
Grad Center A,11,17,32
Drop to 408,0,1,32
Metcalf,0,45,32
Drop to 112,0,1,32
Plantations House,1,10,32
Grad Center B,14,18,32
Drop to 150,0,1,32
Drop to 288,0,1,32
Slater Hall,6,22,32
Drop to 588,0,1,32
Drop to 286,0,2,32
Sears House,16,25,32
Drop to 422,0,1,32
Jameson House,7,11,32
Chapin House,9,16,32
Gregorian Quad A,1,51,32
Drop to 602,1,1,32
Drop to 15,0,1,32
Gregorian Quad B,2,51,32
Barbour Hall,10,17,32
111 Brown Street,6,6,32
Minden,15,59,32
Bronson House,7,8,32
Drop to 535,1,1,32
New Pembroke #4,6,22,32
Archibald House,4,13,32
Drop to 640,1,1,32
Emery,0,15,32
Young Orchard #10,0,13,32
West Andrews,1,27,32
Poland House,2,18,32
Drop to 447,0,1,32
New Pembroke #1,15,17,32
Wayland House,0,16,32
Drop to 513,1,1,32
Drop to 372,0,1,32
Drop to 370,0,1,32
Everett House,5,6,32
Drop to 350,0,1,32
Grad Center D,19,19,32
Barbour Hall Apartments,11,29,32
Drop to 415,0,1,32
Hegeman,3,39,32
Drop to 223,0,1,32
Drop to 482,0,1,32
Diman House,21,28,32
East Andrews,5,32,32
Pass,54,54,32
Machado,2,10,32
Drop to 691,1,1,32
Mead House,4,8,32
Drop to 393,0,1,32
Drop to 354,0,1,32
Caswell Hall,31,40,33
Olney House,6,15,33
Harkness House,18,22,33
Drop to 198,0,1,33
Marcy House,12,15,33
Goddard House,8,35,33
New Pembroke #3,8,10,33
Young Orchard #4,0,14,33
Drop to 305,0,1,33
Young Orchard #2,0,13,33
Hope College,0,12,33
Morriss Hall,1,4,33
New Pembroke #2,14,19,33
Champlin,0,7,33
No Show,13,41,33
Woolley,0,30,33
Grad Center C,8,18,33
Grad Center A,10,17,33
Drop to 408,0,1,33
Metcalf,0,45,33
Drop to 112,0,1,33
Plantations House,1,10,33
Grad Center B,14,18,33
Drop to 150,0,1,33
Drop to 288,0,1,33
Slater Hall,5,22,33
Drop to 588,0,1,33
Drop to 286,0,2,33
Sears House,16,25,33
Drop to 422,0,1,33
Jameson House,6,11,33
Chapin House,9,16,33
Gregorian Quad A,1,51,33
Drop to 602,1,1,33
Drop to 15,0,1,33
Gregorian Quad B,1,51,33
Barbour Hall,9,17,33
111 Brown Street,6,6,33
Minden,12,59,33
Bronson House,7,8,33
Drop to 535,1,1,33
New Pembroke #4,6,22,33
Archibald House,4,13,33
Drop to 640,1,1,33
Emery,0,15,33
Young Orchard #10,0,13,33
West Andrews,1,27,33
Poland House,1,18,33
Drop to 447,0,1,33
New Pembroke #1,15,17,33
Wayland House,0,16,33
Drop to 513,1,1,33
Drop to 372,0,1,33
Drop to 370,0,1,33
Everett House,5,6,33
Drop to 350,0,1,33
Grad Center D,16,19,33
Barbour Hall Apartments,10,29,33
Drop to 415,0,1,33
Hegeman,3,39,33
Drop to 223,0,1,33
Drop to 482,0,1,33
Diman House,21,28,33
East Andrews,5,32,33
Pass,54,54,33
Machado,2,10,33
Drop to 691,1,1,33
Mead House,2,8,33
Drop to 393,0,1,33
Drop to 354,0,1,33
Caswell Hall,30,40,34
Olney House,6,15,34
Harkness House,17,22,34
Drop to 198,0,1,34
Marcy House,12,15,34
Goddard House,8,35,34
New Pembroke #3,8,10,34
Young Orchard #4,0,14,34
Drop to 305,0,1,34
Young Orchard #2,0,13,34
Hope College,0,12,34
Morriss Hall,0,4,34
New Pembroke #2,14,19,34
Champlin,0,7,34
No Show,12,41,34
Woolley,0,30,34
Grad Center C,8,18,34
Grad Center A,10,17,34
Drop to 408,0,1,34
Metcalf,0,45,34
Drop to 112,0,1,34
Plantations House,1,10,34
Grad Center B,14,18,34
Drop to 150,0,1,34
Drop to 288,0,1,34
Slater Hall,4,22,34
Drop to 588,0,1,34
Drop to 286,0,2,34
Sears House,16,25,34
Drop to 422,0,1,34
Jameson House,4,11,34
Chapin House,9,16,34
Gregorian Quad A,1,51,34
Drop to 602,1,1,34
Drop to 15,0,1,34
Gregorian Quad B,1,51,34
Barbour Hall,9,17,34
111 Brown Street,1,6,34
Minden,11,59,34
Bronson House,7,8,34
Drop to 535,0,1,34
New Pembroke #4,6,22,34
Archibald House,3,13,34
Drop to 640,1,1,34
Emery,0,15,34
Young Orchard #10,0,13,34
West Andrews,1,27,34
Poland House,0,18,34
Drop to 447,0,1,34
New Pembroke #1,15,17,34
Wayland House,0,16,34
Drop to 513,0,1,34
Drop to 372,0,1,34
Drop to 370,0,1,34
Everett House,5,6,34
Drop to 350,0,1,34
Grad Center D,16,19,34
Barbour Hall Apartments,8,29,34
Drop to 415,0,1,34
Hegeman,3,39,34
Drop to 223,0,1,34
Drop to 482,0,1,34
Diman House,21,28,34
East Andrews,5,32,34
Pass,54,54,34
Machado,2,10,34
Drop to 691,1,1,34
Mead House,2,8,34
Drop to 393,0,1,34
Drop to 354,0,1,34
Caswell Hall,24,40,35
Olney House,6,15,35
Harkness House,17,22,35
Drop to 198,0,1,35
Marcy House,12,15,35
Goddard House,8,35,35
New Pembroke #3,4,10,35
Young Orchard #4,0,14,35
Drop to 305,0,1,35
Young Orchard #2,0,13,35
Hope College,0,12,35
Morriss Hall,0,4,35
New Pembroke #2,13,19,35
Champlin,0,7,35
No Show,12,41,35
Woolley,0,30,35
Grad Center C,8,18,35
Grad Center A,9,17,35
Drop to 408,0,1,35
Metcalf,0,45,35
Drop to 112,0,1,35
Plantations House,1,10,35
Grad Center B,13,18,35
Drop to 150,0,1,35
Drop to 288,0,1,35
Slater Hall,2,22,35
Drop to 588,0,1,35
Drop to 286,0,2,35
Sears House,16,25,35
Drop to 422,0,1,35
Jameson House,4,11,35
Chapin House,9,16,35
Gregorian Quad A,1,51,35
Drop to 602,1,1,35
Drop to 15,0,1,35
Gregorian Quad B,1,51,35
Barbour Hall,6,17,35
111 Brown Street,1,6,35
Minden,8,59,35
Bronson House,7,8,35
Drop to 535,0,1,35
New Pembroke #4,5,22,35
Archibald House,3,13,35
Drop to 640,1,1,35
Emery,0,15,35
Young Orchard #10,0,13,35
West Andrews,1,27,35
Poland House,0,18,35
Drop to 447,0,1,35
New Pembroke #1,14,17,35
Wayland House,0,16,35
Drop to 513,0,1,35
Drop to 372,0,1,35
Drop to 370,0,1,35
Everett House,4,6,35
Drop to 350,0,1,35
Grad Center D,16,19,35
Barbour Hall Apartments,8,29,35
Drop to 415,0,1,35
Hegeman,3,39,35
Drop to 223,0,1,35
Drop to 482,0,1,35
Diman House,16,28,35
East Andrews,5,32,35
Pass,54,54,35
Machado,2,10,35
Drop to 691,1,1,35
Mead House,2,8,35
Drop to 393,0,1,35
Drop to 354,0,1,35
Caswell Hall,24,40,35
Olney House,6,15,35
Harkness House,17,22,35
Drop to 198,0,1,35
Marcy House,12,15,35
Goddard House,8,35,35
New Pembroke #3,4,10,35
Young Orchard #4,0,14,35
Drop to 305,0,1,35
Young Orchard #2,0,13,35
Hope College,0,12,35
Morriss Hall,0,4,35
New Pembroke #2,13,19,35
Champlin,0,7,35
No Show,12,41,35
Woolley,0,30,35
Grad Center C,8,18,35
Grad Center A,9,17,35
Drop to 408,0,1,35
Metcalf,0,45,35
Drop to 112,0,1,35
Plantations House,1,10,35
Grad Center B,13,18,35
Drop to 150,0,1,35
Drop to 288,0,1,35
Slater Hall,2,22,35
Drop to 588,0,1,35
Drop to 286,0,2,35
Sears House,16,25,35
Drop to 422,0,1,35
Jameson House,4,11,35
Chapin House,9,16,35
Gregorian Quad A,1,51,35
Drop to 602,1,1,35
Drop to 15,0,1,35
Gregorian Quad B,1,51,35
Barbour Hall,6,17,35
111 Brown Street,1,6,35
Minden,8,59,35
Bronson House,7,8,35
Drop to 535,0,1,35
New Pembroke #4,5,22,35
Archibald House,3,13,35
Drop to 640,1,1,35
Emery,0,15,35
Young Orchard #10,0,13,35
West Andrews,1,27,35
Poland House,0,18,35
Drop to 447,0,1,35
New Pembroke #1,14,17,35
Wayland House,0,16,35
Drop to 513,0,1,35
Drop to 372,0,1,35
Drop to 370,0,1,35
Everett House,4,6,35
Drop to 350,0,1,35
Grad Center D,15,19,35
Barbour Hall Apartments,8,29,35
Drop to 415,0,1,35
Hegeman,3,39,35
Drop to 223,0,1,35
Drop to 482,0,1,35
Diman House,16,28,35
East Andrews,5,32,35
Pass,54,54,35
Machado,2,10,35
Drop to 691,1,1,35
Mead House,2,8,35
Drop to 393,0,1,35
Drop to 354,0,1,35
Caswell Hall,15,40,36
Olney House,6,15,36
Harkness House,15,22,36
Drop to 198,0,1,36
Marcy House,11,15,36
Goddard House,8,35,36
New Pembroke #3,4,10,36
Young Orchard #4,0,14,36
Drop to 305,0,1,36
Young Orchard #2,0,13,36
Hope College,0,12,36
Morriss Hall,0,4,36
New Pembroke #2,13,19,36
Champlin,0,7,36
No Show,12,41,36
Woolley,0,30,36
Grad Center C,8,18,36
Grad Center A,8,17,36
Drop to 408,0,1,36
Metcalf,0,45,36
Drop to 112,0,1,36
Plantations House,1,10,36
Grad Center B,13,18,36
Drop to 150,0,1,36
Drop to 288,0,1,36
Slater Hall,2,22,36
Drop to 588,0,1,36
Drop to 286,0,2,36
Sears House,16,25,36
Drop to 422,0,1,36
Jameson House,4,11,36
Chapin House,9,16,36
Gregorian Quad A,1,51,36
Drop to 602,1,1,36
Drop to 15,0,1,36
Gregorian Quad B,1,51,36
Barbour Hall,6,17,36
111 Brown Street,1,6,36
Minden,8,59,36
Bronson House,4,8,36
Drop to 535,0,1,36
New Pembroke #4,5,22,36
Archibald House,3,13,36
Drop to 640,1,1,36
Emery,0,15,36
Young Orchard #10,0,13,36
West Andrews,1,27,36
Poland House,0,18,36
Drop to 447,0,1,36
New Pembroke #1,14,17,36
Wayland House,0,16,36
Drop to 513,0,1,36
Drop to 372,0,1,36
Drop to 370,0,1,36
Everett House,4,6,36
Drop to 350,0,1,36
Grad Center D,11,19,36
Barbour Hall Apartments,5,29,36
Drop to 415,0,1,36
Hegeman,1,39,36
Drop to 223,0,1,36
Drop to 482,0,1,36
Diman House,16,28,36
East Andrews,5,32,36
Pass,54,54,36
Machado,2,10,36
Drop to 691,1,1,36
Mead House,2,8,36
Drop to 393,0,1,36
Drop to 354,0,1,36
Caswell Hall,10,40,37
Olney House,6,15,37
Harkness House,11,22,37
Drop to 198,0,1,37
Marcy House,11,15,37
Goddard House,8,35,37
New Pembroke #3,3,10,37
Young Orchard #4,0,14,37
Drop to 305,0,1,37
Young Orchard #2,0,13,37
Hope College,0,12,37
Morriss Hall,0,4,37
New Pembroke #2,12,19,37
Champlin,0,7,37
No Show,12,41,37
Woolley,0,30,37
Grad Center C,8,18,37
Grad Center A,7,17,37
Drop to 408,0,1,37
Metcalf,0,45,37
Drop to 112,0,1,37
Plantations House,1,10,37
Grad Center B,13,18,37
Drop to 150,0,1,37
Drop to 288,0,1,37
Slater Hall,2,22,37
Drop to 588,0,1,37
Drop to 286,0,2,37
Sears House,16,25,37
Drop to 422,0,1,37
Jameson House,4,11,37
Chapin House,9,16,37
Gregorian Quad A,1,51,37
Drop to 602,0,1,37
Drop to 15,0,1,37
Gregorian Quad B,1,51,37
Barbour Hall,5,17,37
111 Brown Street,1,6,37
Minden,6,59,37
Bronson House,3,8,37
Drop to 535,0,1,37
New Pembroke #4,5,22,37
Archibald House,3,13,37
Drop to 640,1,1,37
Emery,0,15,37
Young Orchard #10,0,13,37
West Andrews,1,27,37
Poland House,0,18,37
Drop to 447,0,1,37
New Pembroke #1,13,17,37
Wayland House,0,16,37
Drop to 513,0,1,37
Drop to 372,0,1,37
Drop to 370,0,1,37
Everett House,3,6,37
Drop to 350,0,1,37
Grad Center D,10,19,37
Barbour Hall Apartments,3,29,37
Drop to 415,0,1,37
Hegeman,1,39,37
Drop to 223,0,1,37
Drop to 482,0,1,37
Diman House,15,28,37
East Andrews,5,32,37
Pass,54,54,37
Machado,2,10,37
Drop to 691,1,1,37
Mead House,2,8,37
Drop to 393,0,1,37
Drop to 354,0,1,37
Caswell Hall,10,40,37
Olney House,6,15,37
Harkness House,11,22,37
Drop to 198,0,1,37
Marcy House,11,15,37
Goddard House,8,35,37
New Pembroke #3,3,10,37
Young Orchard #4,0,14,37
Drop to 305,0,1,37
Young Orchard #2,0,13,37
Hope College,0,12,37
Morriss Hall,0,4,37
New Pembroke #2,12,19,37
Champlin,0,7,37
No Show,12,41,37
Woolley,0,30,37
Grad Center C,8,18,37
Grad Center A,7,17,37
Drop to 408,0,1,37
Metcalf,0,45,37
Drop to 112,0,1,37
Plantations House,1,10,37
Grad Center B,13,18,37
Drop to 150,0,1,37
Drop to 288,0,1,37
Slater Hall,2,22,37
Drop to 588,0,1,37
Drop to 286,0,2,37
Sears House,16,25,37
Drop to 422,0,1,37
Jameson House,4,11,37
Chapin House,9,16,37
Gregorian Quad A,1,51,37
Drop to 602,0,1,37
Drop to 15,0,1,37
Gregorian Quad B,1,51,37
Barbour Hall,5,17,37
111 Brown Street,1,6,37
Minden,6,59,37
Bronson House,3,8,37
Drop to 535,0,1,37
New Pembroke #4,5,22,37
Archibald House,3,13,37
Drop to 640,1,1,37
Emery,0,15,37
Young Orchard #10,0,13,37
West Andrews,1,27,37
Poland House,0,18,37
Drop to 447,0,1,37
New Pembroke #1,13,17,37
Wayland House,0,16,37
Drop to 513,0,1,37
Drop to 372,0,1,37
Drop to 370,0,1,37
Everett House,3,6,37
Drop to 350,0,1,37
Grad Center D,10,19,37
Barbour Hall Apartments,3,29,37
Drop to 415,0,1,37
Hegeman,1,39,37
Drop to 223,0,1,37
Drop to 482,0,1,37
Diman House,14,28,37
East Andrews,5,32,37
Pass,54,54,37
Machado,2,10,37
Drop to 691,1,1,37
Mead House,2,8,37
Drop to 393,0,1,37
Drop to 354,0,1,37
Caswell Hall,5,40,38
Olney House,6,15,38
Harkness House,11,22,38
Drop to 198,0,1,38
Marcy House,11,15,38
Goddard House,8,35,38
New Pembroke #3,3,10,38
Young Orchard #4,0,14,38
Drop to 305,0,1,38
Young Orchard #2,0,13,38
Hope College,0,12,38
Morriss Hall,0,4,38
New Pembroke #2,11,19,38
Champlin,0,7,38
No Show,12,41,38
Woolley,0,30,38
Grad Center C,8,18,38
Grad Center A,7,17,38
Drop to 408,0,1,38
Metcalf,0,45,38
Drop to 112,0,1,38
Plantations House,0,10,38
Grad Center B,11,18,38
Drop to 150,0,1,38
Drop to 288,0,1,38
Slater Hall,0,22,38
Drop to 588,0,1,38
Drop to 286,0,2,38
Sears House,16,25,38
Drop to 422,0,1,38
Jameson House,3,11,38
Chapin House,9,16,38
Gregorian Quad A,1,51,38
Drop to 602,0,1,38
Drop to 15,0,1,38
Gregorian Quad B,1,51,38
Barbour Hall,4,17,38
111 Brown Street,1,6,38
Minden,5,59,38
Bronson House,3,8,38
Drop to 535,0,1,38
New Pembroke #4,5,22,38
Archibald House,3,13,38
Drop to 640,1,1,38
Emery,0,15,38
Young Orchard #10,0,13,38
West Andrews,1,27,38
Poland House,0,18,38
Drop to 447,0,1,38
New Pembroke #1,11,17,38
Wayland House,0,16,38
Drop to 513,0,1,38
Drop to 372,0,1,38
Drop to 370,0,1,38
Everett House,3,6,38
Drop to 350,0,1,38
Grad Center D,5,19,38
Barbour Hall Apartments,2,29,38
Drop to 415,0,1,38
Hegeman,1,39,38
Drop to 223,0,1,38
Drop to 482,0,1,38
Diman House,10,28,38
East Andrews,5,32,38
Pass,54,54,38
Machado,2,10,38
Drop to 691,1,1,38
Mead House,2,8,38
Drop to 393,0,1,38
Drop to 354,0,1,38
Caswell Hall,4,40,38
Olney House,6,15,38
Harkness House,11,22,38
Drop to 198,0,1,38
Marcy House,11,15,38
Goddard House,8,35,38
New Pembroke #3,3,10,38
Young Orchard #4,0,14,38
Drop to 305,0,1,38
Young Orchard #2,0,13,38
Hope College,0,12,38
Morriss Hall,0,4,38
New Pembroke #2,11,19,38
Champlin,0,7,38
No Show,12,41,38
Woolley,0,30,38
Grad Center C,8,18,38
Grad Center A,7,17,38
Drop to 408,0,1,38
Metcalf,0,45,38
Drop to 112,0,1,38
Plantations House,0,10,38
Grad Center B,11,18,38
Drop to 150,0,1,38
Drop to 288,0,1,38
Slater Hall,0,22,38
Drop to 588,0,1,38
Drop to 286,0,2,38
Sears House,16,25,38
Drop to 422,0,1,38
Jameson House,3,11,38
Chapin House,9,16,38
Gregorian Quad A,1,51,38
Drop to 602,0,1,38
Drop to 15,0,1,38
Gregorian Quad B,1,51,38
Barbour Hall,4,17,38
111 Brown Street,1,6,38
Minden,5,59,38
Bronson House,3,8,38
Drop to 535,0,1,38
New Pembroke #4,5,22,38
Archibald House,3,13,38
Drop to 640,1,1,38
Emery,0,15,38
Young Orchard #10,0,13,38
West Andrews,1,27,38
Poland House,0,18,38
Drop to 447,0,1,38
New Pembroke #1,11,17,38
Wayland House,0,16,38
Drop to 513,0,1,38
Drop to 372,0,1,38
Drop to 370,0,1,38
Everett House,3,6,38
Drop to 350,0,1,38
Grad Center D,5,19,38
Barbour Hall Apartments,2,29,38
Drop to 415,0,1,38
Hegeman,1,39,38
Drop to 223,0,1,38
Drop to 482,0,1,38
Diman House,10,28,38
East Andrews,5,32,38
Pass,54,54,38
Machado,2,10,38
Drop to 691,1,1,38
Mead House,2,8,38
Drop to 393,0,1,38
Drop to 354,0,1,38
Caswell Hall,3,40,38
Olney House,6,15,38
Harkness House,11,22,38
Drop to 198,0,1,38
Marcy House,11,15,38
Goddard House,8,35,38
New Pembroke #3,3,10,38
Young Orchard #4,0,14,38
Drop to 305,0,1,38
Young Orchard #2,0,13,38
Hope College,0,12,38
Morriss Hall,0,4,38
New Pembroke #2,11,19,38
Champlin,0,7,38
No Show,12,41,38
Woolley,0,30,38
Grad Center C,8,18,38
Grad Center A,7,17,38
Drop to 408,0,1,38
Metcalf,0,45,38
Drop to 112,0,1,38
Plantations House,0,10,38
Grad Center B,11,18,38
Drop to 150,0,1,38
Drop to 288,0,1,38
Slater Hall,0,22,38
Drop to 588,0,1,38
Drop to 286,0,2,38
Sears House,16,25,38
Drop to 422,0,1,38
Jameson House,3,11,38
Chapin House,9,16,38
Gregorian Quad A,1,51,38
Drop to 602,0,1,38
Drop to 15,0,1,38
Gregorian Quad B,1,51,38
Barbour Hall,4,17,38
111 Brown Street,1,6,38
Minden,5,59,38
Bronson House,3,8,38
Drop to 535,0,1,38
New Pembroke #4,5,22,38
Archibald House,3,13,38
Drop to 640,1,1,38
Emery,0,15,38
Young Orchard #10,0,13,38
West Andrews,1,27,38
Poland House,0,18,38
Drop to 447,0,1,38
New Pembroke #1,11,17,38
Wayland House,0,16,38
Drop to 513,0,1,38
Drop to 372,0,1,38
Drop to 370,0,1,38
Everett House,3,6,38
Drop to 350,0,1,38
Grad Center D,5,19,38
Barbour Hall Apartments,2,29,38
Drop to 415,0,1,38
Hegeman,1,39,38
Drop to 223,0,1,38
Drop to 482,0,1,38
Diman House,10,28,38
East Andrews,5,32,38
Pass,54,54,38
Machado,2,10,38
Drop to 691,1,1,38
Mead House,2,8,38
Drop to 393,0,1,38
Drop to 354,0,1,38
Caswell Hall,0,40,39
Olney House,6,15,39
Harkness House,8,22,39
Drop to 198,0,1,39
Marcy House,9,15,39
Goddard House,8,35,39
New Pembroke #3,3,10,39
Young Orchard #4,0,14,39
Drop to 305,0,1,39
Young Orchard #2,0,13,39
Hope College,0,12,39
Morriss Hall,0,4,39
New Pembroke #2,11,19,39
Champlin,0,7,39
No Show,12,41,39
Woolley,0,30,39
Grad Center C,7,18,39
Grad Center A,7,17,39
Drop to 408,0,1,39
Metcalf,0,45,39
Drop to 112,0,1,39
Plantations House,0,10,39
Grad Center B,11,18,39
Drop to 150,0,1,39
Drop to 288,0,1,39
Slater Hall,0,22,39
Drop to 588,0,1,39
Drop to 286,0,2,39
Sears House,16,25,39
Drop to 422,0,1,39
Jameson House,2,11,39
Chapin House,8,16,39
Gregorian Quad A,1,51,39
Drop to 602,0,1,39
Drop to 15,0,1,39
Gregorian Quad B,1,51,39
Barbour Hall,1,17,39
111 Brown Street,0,6,39
Minden,4,59,39
Bronson House,2,8,39
Drop to 535,0,1,39
New Pembroke #4,5,22,39
Archibald House,3,13,39
Drop to 640,1,1,39
Emery,0,15,39
Young Orchard #10,0,13,39
West Andrews,1,27,39
Poland House,0,18,39
Drop to 447,0,1,39
New Pembroke #1,11,17,39
Wayland House,0,16,39
Drop to 513,0,1,39
Drop to 372,0,1,39
Drop to 370,0,1,39
Everett House,3,6,39
Drop to 350,0,1,39
Grad Center D,2,19,39
Barbour Hall Apartments,2,29,39
Drop to 415,0,1,39
Hegeman,1,39,39
Drop to 223,0,1,39
Drop to 482,0,1,39
Diman House,5,28,39
East Andrews,5,32,39
Pass,54,54,39
Machado,2,10,39
Drop to 691,1,1,39
Mead House,2,8,39
Drop to 393,0,1,39
Drop to 354,0,1,39
Caswell Hall,0,40,40
Olney House,6,15,40
Harkness House,5,22,40
Drop to 198,0,1,40
Marcy House,8,15,40
Goddard House,8,35,40
New Pembroke #3,3,10,40
Young Orchard #4,0,14,40
Drop to 305,0,1,40
Young Orchard #2,0,13,40
Hope College,0,12,40
Morriss Hall,0,4,40
New Pembroke #2,11,19,40
Champlin,0,7,40
No Show,12,41,40
Woolley,0,30,40
Grad Center C,5,18,40
Grad Center A,5,17,40
Drop to 408,0,1,40
Metcalf,0,45,40
Drop to 112,0,1,40
Plantations House,0,10,40
Grad Center B,6,18,40
Drop to 150,0,1,40
Drop to 288,0,1,40
Slater Hall,0,22,40
Drop to 588,0,1,40
Drop to 286,0,2,40
Sears House,13,25,40
Drop to 422,0,1,40
Jameson House,1,11,40
Chapin House,8,16,40
Gregorian Quad A,0,51,40
Drop to 602,0,1,40
Drop to 15,0,1,40
Gregorian Quad B,1,51,40
Barbour Hall,0,17,40
111 Brown Street,0,6,40
Minden,3,59,40
Bronson House,2,8,40
Drop to 535,0,1,40
New Pembroke #4,5,22,40
Archibald House,2,13,40
Drop to 640,1,1,40
Emery,0,15,40
Young Orchard #10,0,13,40
West Andrews,1,27,40
Poland House,0,18,40
Drop to 447,0,1,40
New Pembroke #1,10,17,40
Wayland House,0,16,40
Drop to 513,0,1,40
Drop to 372,0,1,40
Drop to 370,0,1,40
Everett House,3,6,40
Drop to 350,0,1,40
Grad Center D,1,19,40
Barbour Hall Apartments,2,29,40
Drop to 415,0,1,40
Hegeman,1,39,40
Drop to 223,0,1,40
Drop to 482,0,1,40
Diman House,3,28,40
East Andrews,5,32,40
Pass,54,54,40
Machado,2,10,40
Drop to 691,1,1,40
Mead House,2,8,40
Drop to 393,0,1,40
Drop to 354,0,1,40
Caswell Hall,0,40,40
Olney House,6,15,40
Harkness House,5,22,40
Drop to 198,0,1,40
Marcy House,8,15,40
Goddard House,8,35,40
New Pembroke #3,3,10,40
Young Orchard #4,0,14,40
Drop to 305,0,1,40
Young Orchard #2,0,13,40
Hope College,0,12,40
Morriss Hall,0,4,40
New Pembroke #2,11,19,40
Champlin,0,7,40
No Show,12,41,40
Woolley,0,30,40
Grad Center C,5,18,40
Grad Center A,5,17,40
Drop to 408,0,1,40
Metcalf,0,45,40
Drop to 112,0,1,40
Plantations House,0,10,40
Grad Center B,6,18,40
Drop to 150,0,1,40
Drop to 288,0,1,40
Slater Hall,0,22,40
Drop to 588,0,1,40
Drop to 286,0,2,40
Sears House,12,25,40
Drop to 422,0,1,40
Jameson House,1,11,40
Chapin House,8,16,40
Gregorian Quad A,0,51,40
Drop to 602,0,1,40
Drop to 15,0,1,40
Gregorian Quad B,1,51,40
Barbour Hall,0,17,40
111 Brown Street,0,6,40
Minden,3,59,40
Bronson House,2,8,40
Drop to 535,0,1,40
New Pembroke #4,5,22,40
Archibald House,2,13,40
Drop to 640,1,1,40
Emery,0,15,40
Young Orchard #10,0,13,40
West Andrews,1,27,40
Poland House,0,18,40
Drop to 447,0,1,40
New Pembroke #1,10,17,40
Wayland House,0,16,40
Drop to 513,0,1,40
Drop to 372,0,1,40
Drop to 370,0,1,40
Everett House,3,6,40
Drop to 350,0,1,40
Grad Center D,1,19,40
Barbour Hall Apartments,2,29,40
Drop to 415,0,1,40
Hegeman,1,39,40
Drop to 223,0,1,40
Drop to 482,0,1,40
Diman House,3,28,40
East Andrews,5,32,40
Pass,54,54,40
Machado,2,10,40
Drop to 691,1,1,40
Mead House,2,8,40
Drop to 393,0,1,40
Drop to 354,0,1,40
Caswell Hall,0,40,41
Olney House,6,15,41
Harkness House,0,22,41
Drop to 198,0,1,41
Marcy House,8,15,41
Goddard House,6,35,41
New Pembroke #3,3,10,41
Young Orchard #4,0,14,41
Drop to 305,0,1,41
Young Orchard #2,0,13,41
Hope College,0,12,41
Morriss Hall,0,4,41
New Pembroke #2,11,19,41
Champlin,0,7,41
No Show,12,41,41
Woolley,0,30,41
Grad Center C,2,18,41
Grad Center A,1,17,41
Drop to 408,0,1,41
Metcalf,0,45,41
Drop to 112,0,1,41
Plantations House,0,10,41
Grad Center B,4,18,41
Drop to 150,0,1,41
Drop to 288,0,1,41
Slater Hall,0,22,41
Drop to 588,0,1,41
Drop to 286,0,2,41
Sears House,12,25,41
Drop to 422,0,1,41
Jameson House,1,11,41
Chapin House,8,16,41
Gregorian Quad A,0,51,41
Drop to 602,0,1,41
Drop to 15,0,1,41
Gregorian Quad B,0,51,41
Barbour Hall,0,17,41
111 Brown Street,0,6,41
Minden,2,59,41
Bronson House,1,8,41
Drop to 535,0,1,41
New Pembroke #4,5,22,41
Archibald House,1,13,41
Drop to 640,1,1,41
Emery,0,15,41
Young Orchard #10,0,13,41
West Andrews,1,27,41
Poland House,0,18,41
Drop to 447,0,1,41
New Pembroke #1,5,17,41
Wayland House,0,16,41
Drop to 513,0,1,41
Drop to 372,0,1,41
Drop to 370,0,1,41
Everett House,3,6,41
Drop to 350,0,1,41
Grad Center D,1,19,41
Barbour Hall Apartments,2,29,41
Drop to 415,0,1,41
Hegeman,1,39,41
Drop to 223,0,1,41
Drop to 482,0,1,41
Diman House,3,28,41
East Andrews,5,32,41
Pass,54,54,41
Machado,2,10,41
Drop to 691,1,1,41
Mead House,2,8,41
Drop to 393,0,1,41
Drop to 354,0,1,41
Caswell Hall,0,40,42
Olney House,2,15,42
Harkness House,0,22,42
Drop to 198,0,1,42
Marcy House,4,15,42
Goddard House,3,35,42
New Pembroke #3,3,10,42
Young Orchard #4,0,14,42
Drop to 305,0,1,42
Young Orchard #2,0,13,42
Hope College,0,12,42
Morriss Hall,0,4,42
New Pembroke #2,11,19,42
Champlin,0,7,42
No Show,12,41,42
Woolley,0,30,42
Grad Center C,2,18,42
Grad Center A,1,17,42
Drop to 408,0,1,42
Metcalf,0,45,42
Drop to 112,0,1,42
Plantations House,0,10,42
Grad Center B,3,18,42
Drop to 150,0,1,42
Drop to 288,0,1,42
Slater Hall,0,22,42
Drop to 588,0,1,42
Drop to 286,0,2,42
Sears House,5,25,42
Drop to 422,0,1,42
Jameson House,1,11,42
Chapin House,8,16,42
Gregorian Quad A,0,51,42
Drop to 602,0,1,42
Drop to 15,0,1,42
Gregorian Quad B,0,51,42
Barbour Hall,0,17,42
111 Brown Street,0,6,42
Minden,0,59,42
Bronson House,1,8,42
Drop to 535,0,1,42
New Pembroke #4,5,22,42
Archibald House,1,13,42
Drop to 640,1,1,42
Emery,0,15,42
Young Orchard #10,0,13,42
West Andrews,1,27,42
Poland House,0,18,42
Drop to 447,0,1,42
New Pembroke #1,5,17,42
Wayland House,0,16,42
Drop to 513,0,1,42
Drop to 372,0,1,42
Drop to 370,0,1,42
Everett House,1,6,42
Drop to 350,0,1,42
Grad Center D,1,19,42
Barbour Hall Apartments,1,29,42
Drop to 415,0,1,42
Hegeman,0,39,42
Drop to 223,0,1,42
Drop to 482,0,1,42
Diman House,2,28,42
East Andrews,4,32,42
Pass,54,54,42
Machado,2,10,42
Drop to 691,1,1,42
Mead House,1,8,42
Drop to 393,0,1,42
Drop to 354,0,1,42
Caswell Hall,0,40,43
Olney House,0,15,43
Harkness House,0,22,43
Drop to 198,0,1,43
Marcy House,1,15,43
Goddard House,0,35,43
New Pembroke #3,3,10,43
Young Orchard #4,0,14,43
Drop to 305,0,1,43
Young Orchard #2,0,13,43
Hope College,0,12,43
Morriss Hall,0,4,43
New Pembroke #2,11,19,43
Champlin,0,7,43
No Show,11,41,43
Woolley,0,30,43
Grad Center C,2,18,43
Grad Center A,0,17,43
Drop to 408,0,1,43
Metcalf,0,45,43
Drop to 112,0,1,43
Plantations House,0,10,43
Grad Center B,2,18,43
Drop to 150,0,1,43
Drop to 288,0,1,43
Slater Hall,0,22,43
Drop to 588,0,1,43
Drop to 286,0,2,43
Sears House,0,25,43
Drop to 422,0,1,43
Jameson House,1,11,43
Chapin House,7,16,43
Gregorian Quad A,0,51,43
Drop to 602,0,1,43
Drop to 15,0,1,43
Gregorian Quad B,0,51,43
Barbour Hall,0,17,43
111 Brown Street,0,6,43
Minden,0,59,43
Bronson House,1,8,43
Drop to 535,0,1,43
New Pembroke #4,1,22,43
Archibald House,1,13,43
Drop to 640,0,1,43
Emery,0,15,43
Young Orchard #10,0,13,43
West Andrews,1,27,43
Poland House,0,18,43
Drop to 447,0,1,43
New Pembroke #1,2,17,43
Wayland House,0,16,43
Drop to 513,0,1,43
Drop to 372,0,1,43
Drop to 370,0,1,43
Everett House,1,6,43
Drop to 350,0,1,43
Grad Center D,0,19,43
Barbour Hall Apartments,1,29,43
Drop to 415,0,1,43
Hegeman,0,39,43
Drop to 223,0,1,43
Drop to 482,0,1,43
Diman House,1,28,43
East Andrews,4,32,43
Pass,54,54,43
Machado,2,10,43
Drop to 691,1,1,43
Mead House,0,8,43
Drop to 393,0,1,43
Drop to 354,0,1,43
Caswell Hall,0,40,44
Olney House,0,15,44
Harkness House,0,22,44
Drop to 198,0,1,44
Marcy House,0,15,44
Goddard House,0,35,44
New Pembroke #3,2,10,44
Young Orchard #4,0,14,44
Drop to 305,0,1,44
Young Orchard #2,0,13,44
Hope College,0,12,44
Morriss Hall,0,4,44
New Pembroke #2,6,19,44
Champlin,0,7,44
No Show,9,41,44
Woolley,0,30,44
Grad Center C,0,18,44
Grad Center A,0,17,44
Drop to 408,0,1,44
Metcalf,0,45,44
Drop to 112,0,1,44
Plantations House,0,10,44
Grad Center B,0,18,44
Drop to 150,0,1,44
Drop to 288,0,1,44
Slater Hall,0,22,44
Drop to 588,0,1,44
Drop to 286,0,2,44
Sears House,0,25,44
Drop to 422,0,1,44
Jameson House,1,11,44
Chapin House,0,16,44
Gregorian Quad A,0,51,44
Drop to 602,0,1,44
Drop to 15,0,1,44
Gregorian Quad B,0,51,44
Barbour Hall,0,17,44
111 Brown Street,0,6,44
Minden,0,59,44
Bronson House,0,8,44
Drop to 535,0,1,44
New Pembroke #4,1,22,44
Archibald House,1,13,44
Drop to 640,0,1,44
Emery,0,15,44
Young Orchard #10,0,13,44
West Andrews,1,27,44
Poland House,0,18,44
Drop to 447,0,1,44
New Pembroke #1,0,17,44
Wayland House,0,16,44
Drop to 513,0,1,44
Drop to 372,0,1,44
Drop to 370,0,1,44
Everett House,1,6,44
Drop to 350,0,1,44
Grad Center D,0,19,44
Barbour Hall Apartments,0,29,44
Drop to 415,0,1,44
Hegeman,0,39,44
Drop to 223,0,1,44
Drop to 482,0,1,44
Diman House,0,28,44
East Andrews,4,32,44
Pass,54,54,44
Machado,1,10,44
Drop to 691,1,1,44
Mead House,0,8,44
Drop to 393,0,1,44
Drop to 354,0,1,44
Caswell Hall,0,40,45
Olney House,0,15,45
Harkness House,0,22,45
Drop to 198,0,1,45
Marcy House,0,15,45
Goddard House,0,35,45
New Pembroke #3,0,10,45
Young Orchard #4,0,14,45
Drop to 305,0,1,45
Young Orchard #2,0,13,45
Hope College,0,12,45
Morriss Hall,0,4,45
New Pembroke #2,0,19,45
Champlin,0,7,45
No Show,9,41,45
Woolley,0,30,45
Grad Center C,0,18,45
Grad Center A,0,17,45
Drop to 408,0,1,45
Metcalf,0,45,45
Drop to 112,0,1,45
Plantations House,0,10,45
Grad Center B,0,18,45
Drop to 150,0,1,45
Drop to 288,0,1,45
Slater Hall,0,22,45
Drop to 588,0,1,45
Drop to 286,0,2,45
Sears House,0,25,45
Drop to 422,0,1,45
Jameson House,1,11,45
Chapin House,0,16,45
Gregorian Quad A,0,51,45
Drop to 602,0,1,45
Drop to 15,0,1,45
Gregorian Quad B,0,51,45
Barbour Hall,0,17,45
111 Brown Street,0,6,45
Minden,0,59,45
Bronson House,0,8,45
Drop to 535,0,1,45
New Pembroke #4,0,22,45
Archibald House,0,13,45
Drop to 640,0,1,45
Emery,0,15,45
Young Orchard #10,0,13,45
West Andrews,1,27,45
Poland House,0,18,45
Drop to 447,0,1,45
New Pembroke #1,0,17,45
Wayland House,0,16,45
Drop to 513,0,1,45
Drop to 372,0,1,45
Drop to 370,0,1,45
Everett House,1,6,45
Drop to 350,0,1,45
Grad Center D,0,19,45
Barbour Hall Apartments,0,29,45
Drop to 415,0,1,45
Hegeman,0,39,45
Drop to 223,0,1,45
Drop to 482,0,1,45
Diman House,0,28,45
East Andrews,2,32,45
Pass,44,54,45
Machado,0,10,45
Drop to 691,1,1,45
Mead House,0,8,45
Drop to 393,0,1,45
Drop to 354,0,1,45
Caswell Hall,0,40,46
Olney House,0,15,46
Harkness House,0,22,46
Drop to 198,0,1,46
Marcy House,0,15,46
Goddard House,0,35,46
New Pembroke #3,0,10,46
Young Orchard #4,0,14,46
Drop to 305,0,1,46
Young Orchard #2,0,13,46
Hope College,0,12,46
Morriss Hall,0,4,46
New Pembroke #2,0,19,46
Champlin,0,7,46
No Show,8,41,46
Woolley,0,30,46
Grad Center C,0,18,46
Grad Center A,0,17,46
Drop to 408,0,1,46
Metcalf,0,45,46
Drop to 112,0,1,46
Plantations House,0,10,46
Grad Center B,0,18,46
Drop to 150,0,1,46
Drop to 288,0,1,46
Slater Hall,0,22,46
Drop to 588,0,1,46
Drop to 286,0,2,46
Sears House,0,25,46
Drop to 422,0,1,46
Jameson House,1,11,46
Chapin House,0,16,46
Gregorian Quad A,0,51,46
Drop to 602,0,1,46
Drop to 15,0,1,46
Gregorian Quad B,0,51,46
Barbour Hall,0,17,46
111 Brown Street,0,6,46
Minden,0,59,46
Bronson House,0,8,46
Drop to 535,0,1,46
New Pembroke #4,0,22,46
Archibald House,0,13,46
Drop to 640,0,1,46
Emery,0,15,46
Young Orchard #10,0,13,46
West Andrews,1,27,46
Poland House,0,18,46
Drop to 447,0,1,46
New Pembroke #1,0,17,46
Wayland House,0,16,46
Drop to 513,0,1,46
Drop to 372,0,1,46
Drop to 370,0,1,46
Everett House,1,6,46
Drop to 350,0,1,46
Grad Center D,0,19,46
Barbour Hall Apartments,0,29,46
Drop to 415,0,1,46
Hegeman,0,39,46
Drop to 223,0,1,46
Drop to 482,0,1,46
Diman House,0,28,46
East Andrews,1,32,46
Pass,32,54,46
Machado,0,10,46
Drop to 691,0,1,46
Mead House,0,8,46
Drop to 393,0,1,46
Drop to 354,0,1,46
Caswell Hall,0,40,47
Olney House,0,15,47
Harkness House,0,22,47
Drop to 198,0,1,47
Marcy House,0,15,47
Goddard House,0,35,47
New Pembroke #3,0,10,47
Young Orchard #4,0,14,47
Drop to 305,0,1,47
Young Orchard #2,0,13,47
Hope College,0,12,47
Morriss Hall,0,4,47
New Pembroke #2,0,19,47
Champlin,0,7,47
No Show,7,41,47
Woolley,0,30,47
Grad Center C,0,18,47
Grad Center A,0,17,47
Drop to 408,0,1,47
Metcalf,0,45,47
Drop to 112,0,1,47
Plantations House,0,10,47
Grad Center B,0,18,47
Drop to 150,0,1,47
Drop to 288,0,1,47
Slater Hall,0,22,47
Drop to 588,0,1,47
Drop to 286,0,2,47
Sears House,0,25,47
Drop to 422,0,1,47
Jameson House,0,11,47
Chapin House,0,16,47
Gregorian Quad A,0,51,47
Drop to 602,0,1,47
Drop to 15,0,1,47
Gregorian Quad B,0,51,47
Barbour Hall,0,17,47
111 Brown Street,0,6,47
Minden,0,59,47
Bronson House,0,8,47
Drop to 535,0,1,47
New Pembroke #4,0,22,47
Archibald House,0,13,47
Drop to 640,0,1,47
Emery,0,15,47
Young Orchard #10,0,13,47
West Andrews,0,27,47
Poland House,0,18,47
Drop to 447,0,1,47
New Pembroke #1,0,17,47
Wayland House,0,16,47
Drop to 513,0,1,47
Drop to 372,0,1,47
Drop to 370,0,1,47
Everett House,0,6,47
Drop to 350,0,1,47
Grad Center D,0,19,47
Barbour Hall Apartments,0,29,47
Drop to 415,0,1,47
Hegeman,0,39,47
Drop to 223,0,1,47
Drop to 482,0,1,47
Diman House,0,28,47
East Andrews,0,32,47
Pass,21,54,47
Machado,0,10,47
Drop to 691,0,1,47
Mead House,0,8,47
Drop to 393,0,1,47
Drop to 354,0,1,47
Caswell Hall,0,40,48
Olney House,0,15,48
Harkness House,0,22,48
Drop to 198,0,1,48
Marcy House,0,15,48
Goddard House,0,35,48
New Pembroke #3,0,10,48
Young Orchard #4,0,14,48
Drop to 305,0,1,48
Young Orchard #2,0,13,48
Hope College,0,12,48
Morriss Hall,0,4,48
New Pembroke #2,0,19,48
Champlin,0,7,48
No Show,3,41,48
Woolley,0,30,48
Grad Center C,0,18,48
Grad Center A,0,17,48
Drop to 408,0,1,48
Metcalf,0,45,48
Drop to 112,0,1,48
Plantations House,0,10,48
Grad Center B,0,18,48
Drop to 150,0,1,48
Drop to 288,0,1,48
Slater Hall,0,22,48
Drop to 588,0,1,48
Drop to 286,0,2,48
Sears House,0,25,48
Drop to 422,0,1,48
Jameson House,0,11,48
Chapin House,0,16,48
Gregorian Quad A,0,51,48
Drop to 602,0,1,48
Drop to 15,0,1,48
Gregorian Quad B,0,51,48
Barbour Hall,0,17,48
111 Brown Street,0,6,48
Minden,0,59,48
Bronson House,0,8,48
Drop to 535,0,1,48
New Pembroke #4,0,22,48
Archibald House,0,13,48
Drop to 640,0,1,48
Emery,0,15,48
Young Orchard #10,0,13,48
West Andrews,0,27,48
Poland House,0,18,48
Drop to 447,0,1,48
New Pembroke #1,0,17,48
Wayland House,0,16,48
Drop to 513,0,1,48
Drop to 372,0,1,48
Drop to 370,0,1,48
Everett House,0,6,48
Drop to 350,0,1,48
Grad Center D,0,19,48
Barbour Hall Apartments,0,29,48
Drop to 415,0,1,48
Hegeman,0,39,48
Drop to 223,0,1,48
Drop to 482,0,1,48
Diman House,0,28,48
East Andrews,0,32,48
Pass,10,54,48
Machado,0,10,48
Drop to 691,0,1,48
Mead House,0,8,48
Drop to 393,0,1,48
Drop to 354,0,1,48
